contest_id,competition_id,competition_name,date,location,weight_category_x,athlete_blue_id,athlete_white_id,winner_id,fight_duration,score_blue,score_white,round,athlete_id,first_name,last_name,country,gender,weight_category_y,height,weight,role
463635,1856,Olympic Games Athens 2004,,"Athens, Greece",-66,13920,6402,6402,0,,,4,13920,Ludwing,ORTIZ,ECUADOR,M,,0.0,,blue
463651,1856,Olympic Games Athens 2004,,"Athens, Greece",-66,52796,6402,6402,0,,,3,52796,Heath,YOUNG,AUSTRALIA,M,,,,blue
463652,1856,Olympic Games Athens 2004,,"Athens, Greece",-66,2323,6402,6402,0,,,2,2323,Joao,PINA,PORTUGAL,M,,172.0,,blue
463654,1856,Olympic Games Athens 2004,,"Athens, Greece",-66,2323,240,2323,0,,,3,2323,Joao,PINA,PORTUGAL,M,,172.0,,blue
463655,1856,Olympic Games Athens 2004,,"Athens, Greece",-66,725,52673,725,0,,,3,725,Jozef,KRNAC,SLOVAKIA,M,,0.0,,blue
463656,1856,Olympic Games Athens 2004,,"Athens, Greece",-66,35945,725,725,0,,,2,35945,Amar,MERIDJA,ALGERIA,M,,150.0,,blue
463657,1856,Olympic Games Athens 2004,,"Athens, Greece",-66,52800,35945,35945,0,,,3,52800,Ehud,VAKS,ISRAEL,M,,,,blue
463658,1856,Olympic Games Athens 2004,,"Athens, Greece",-66,85,2648,85,0,,,3,85,Masato,UCHISHIBA,JAPAN,M,,,,blue
463659,1856,Olympic Games Athens 2004,,"Athens, Greece",-66,85,52802,85,0,,,2,85,Masato,UCHISHIBA,JAPAN,M,,,,blue
463661,1856,Olympic Games Athens 2004,,"Athens, Greece",-66,52797,52802,52802,0,,,3,52797,Henrique Carlos,GUIMARAES,BRAZIL,M,,,,blue
463662,1856,Olympic Games Athens 2004,,"Athens, Greece",-66,3409,37261,3409,0,,,3,3409,Georgi,GEORGIEV,BULGARIA,M,,168.0,,blue
463663,1856,Olympic Games Athens 2004,,"Athens, Greece",-66,3409,13689,3409,0,,,2,3409,Georgi,GEORGIEV,BULGARIA,M,,168.0,,blue
463664,1856,Olympic Games Athens 2004,,"Athens, Greece",-66,361,13689,13689,0,,,3,361,Milos,MIJALKOVIC,SERBIA,M,,173.0,,blue
463665,1856,Olympic Games Athens 2004,,"Athens, Greece",-66,725,6402,725,0,,,1,725,Jozef,KRNAC,SLOVAKIA,M,,0.0,,blue
463666,1856,Olympic Games Athens 2004,,"Athens, Greece",-66,3409,85,3409,0,,,1,3409,Georgi,GEORGIEV,BULGARIA,M,,168.0,,blue
463667,1856,Olympic Games Athens 2004,,"Athens, Greece",-66,6402,9929,6402,0,,,0,6402,Yordanis,ARENCIBIA,CUBA,M,,0.0,,blue
463668,1856,Olympic Games Athens 2004,,"Athens, Greece",-66,85,725,85,0,,,0,85,Masato,UCHISHIBA,JAPAN,M,,,,blue
463669,1856,Olympic Games Athens 2004,,"Athens, Greece",-66,3409,52673,3409,0,,,0,3409,Georgi,GEORGIEV,BULGARIA,M,,168.0,,blue
463670,1856,Olympic Games Athens 2004,,"Athens, Greece",-66,52796,13920,13920,0,,,3,52796,Heath,YOUNG,AUSTRALIA,M,,,,blue
463671,1856,Olympic Games Athens 2004,,"Athens, Greece",-66,52673,3834,52673,0,,,3,52673,Oscar,PENAS,SPAIN,M,,,,blue
463672,1856,Olympic Games Athens 2004,,"Athens, Greece",-66,35945,52673,52673,0,,,2,35945,Amar,MERIDJA,ALGERIA,M,,150.0,,blue
463673,1856,Olympic Games Athens 2004,,"Athens, Greece",-66,2323,13920,2323,0,,,2,2323,Joao,PINA,PORTUGAL,M,,172.0,,blue
463674,1856,Olympic Games Athens 2004,,"Athens, Greece",-66,52673,2323,52673,0,,,1,52673,Oscar,PENAS,SPAIN,M,,,,blue
463675,1856,Olympic Games Athens 2004,,"Athens, Greece",-66,2648,52795,52795,0,,,3,2648,Dashdavaa,GANTUMUR,MONGOLIA,M,,0.0,,blue
463676,1856,Olympic Games Athens 2004,,"Athens, Greece",-66,37261,9929,9929,0,,,3,37261,Bektas,DEMIREL,TÜRKIYE,M,,0.0,,blue
463677,1856,Olympic Games Athens 2004,,"Athens, Greece",-66,13689,9929,9929,0,,,2,13689,Muratbek,KIPSHAKBAYEV,KAZAKHSTAN,M,,0.0,,blue
463678,1856,Olympic Games Athens 2004,,"Athens, Greece",-66,52802,52795,52795,0,,,2,52802,Magomed,DZHAFAROV,RUSSIAN FEDERATION,M,,,,blue
463679,1856,Olympic Games Athens 2004,,"Athens, Greece",-66,9929,52795,9929,0,,,1,9929,David,MARGOSHVILI,GEORGIA,M,,170.0,,blue
464111,1856,Olympic Games Athens 2004,,"Athens, Greece",-73,471,431,431,0,,,5,471,Kiyoshi,UEMATSU,SPAIN,M,,173.0,,blue
464120,1856,Olympic Games Athens 2004,,"Athens, Greece",-73,52913,590,590,0,,,5,52913,Sagdat,SADYKOV,KAZAKHSTAN,M,,178.0,,blue
464140,1856,Olympic Games Athens 2004,,"Athens, Greece",-73,431,15555,15555,0,,,2,431,Leandro,GUILHEIRO,BRAZIL,M,,175.0,,blue
464141,1856,Olympic Games Athens 2004,,"Athens, Greece",-73,857,52917,857,0,,,4,857,Yoel,RAZVOZOV,ISRAEL,M,,175.0,,blue
464142,1856,Olympic Games Athens 2004,,"Athens, Greece",-73,1750,52904,1750,0,,,4,1750,Krzysztof,WILKOMIRSKI,POLAND,M,,175.0,,blue
464143,1856,Olympic Games Athens 2004,,"Athens, Greece",-73,431,1750,431,0,,,3,431,Leandro,GUILHEIRO,BRAZIL,M,,175.0,,blue
464144,1856,Olympic Games Athens 2004,,"Athens, Greece",-73,17892,431,431,0,,,4,17892,Ernst,LARAQUE,GABON,M,,0.0,,blue
464145,1856,Olympic Games Athens 2004,,"Athens, Greece",-73,388,15555,388,0,,,1,388,Vitalii,MAKAROV,RUSSIAN FEDERATION,M,,0.0,,blue
464146,1856,Olympic Games Athens 2004,,"Athens, Greece",-73,765,2179,765,0,,,4,765,David,KEVKHISHVILI,GEORGIA,M,,0.0,,blue
464147,1856,Olympic Games Athens 2004,,"Athens, Greece",-73,835,388,388,0,,,4,835,Lavrentios,ALEXANIDIS,GREECE,M,,173.0,,blue
464148,1856,Olympic Games Athens 2004,,"Athens, Greece",-73,4329,2433,4329,0,,,4,4329,Bernard,MVONDO ETOGA,CAMEROON,M,,169.0,,blue
464149,1856,Olympic Games Athens 2004,,"Athens, Greece",-73,52915,4487,52915,0,,,4,52915,Damdin,SULDBAYAR,MONGOLIA,M,,,,blue
464150,1856,Olympic Games Athens 2004,,"Athens, Greece",-73,52903,590,590,0,,,4,52903,Rodrigo,LUCENTI,ARGENTINA,M,,,,blue
464151,1856,Olympic Games Athens 2004,,"Athens, Greece",-73,428,11643,11643,0,,,4,428,Anatoly,LARYUKOV,RUSSIAN FEDERATION,M,,0.0,,blue
464152,1856,Olympic Games Athens 2004,,"Athens, Greece",-73,11176,35757,11176,0,,,4,11176,Noureddine,YAGOUBI,ALGERIA,M,,160.0,,blue
464154,1856,Olympic Games Athens 2004,,"Athens, Greece",-73,5202,11176,5202,0,,,3,5202,Gennadiy,BILODID,UKRAINE,M,,0.0,,blue
464155,1856,Olympic Games Athens 2004,,"Athens, Greece",-73,190,2685,2685,0,,,4,190,Saso,JEREB,SLOVENIA,M,,175.0,,blue
464156,1856,Olympic Games Athens 2004,,"Athens, Greece",-73,52914,2685,52914,0,,,3,52914,Victor,BIVOL,REPUBLIC OF MOLDOVA,M,,,,blue
464157,1856,Olympic Games Athens 2004,,"Athens, Greece",-73,52682,52914,52914,0,,,4,52682,Richard,LEON VIZCAYA,VENEZUELA,M,,,,blue
464158,1856,Olympic Games Athens 2004,,"Athens, Greece",-73,31998,182,182,0,,,4,31998,Christodoulos,CHRISTODOULIDES,CYPRUS,M,,0.0,,blue
464159,1856,Olympic Games Athens 2004,,"Athens, Greece",-73,4084,6332,6332,0,,,4,4084,Bourama,MARIKO,MALI,M,,0.0,,blue
464160,1856,Olympic Games Athens 2004,,"Athens, Greece",-73,6332,182,182,0,,,3,6332,Claudiu,BASTEA,ROMANIA,M,,,,blue
464161,1856,Olympic Games Athens 2004,,"Athens, Greece",-73,182,52914,52914,0,,,2,182,Joao,NETO,PORTUGAL,M,,176.0,,blue
464162,1856,Olympic Games Athens 2004,,"Athens, Greece",-73,52914,11643,11643,0,,,1,52914,Victor,BIVOL,REPUBLIC OF MOLDOVA,M,,,,blue
464163,1856,Olympic Games Athens 2004,,"Athens, Greece",-73,5202,11643,11643,0,,,2,5202,Gennadiy,BILODID,UKRAINE,M,,0.0,,blue
464164,1856,Olympic Games Athens 2004,,"Athens, Greece",-73,11643,590,11643,0,,,3,11643,Won Hee,LEE,REPUBLIC OF KOREA,M,,176.0,,blue
464165,1856,Olympic Games Athens 2004,,"Athens, Greece",-73,11643,388,11643,0,,,0,11643,Won Hee,LEE,REPUBLIC OF KOREA,M,,176.0,,blue
464166,1856,Olympic Games Athens 2004,,"Athens, Greece",-73,52914,431,431,0,,,0,52914,Victor,BIVOL,REPUBLIC OF MOLDOVA,M,,,,blue
464167,1856,Olympic Games Athens 2004,,"Athens, Greece",-73,388,765,388,0,,,3,388,Vitalii,MAKAROV,RUSSIAN FEDERATION,M,,0.0,,blue
464168,1856,Olympic Games Athens 2004,,"Athens, Greece",-73,52915,4329,52915,0,,,3,52915,Damdin,SULDBAYAR,MONGOLIA,M,,,,blue
464169,1856,Olympic Games Athens 2004,,"Athens, Greece",-73,52915,388,388,0,,,2,52915,Damdin,SULDBAYAR,MONGOLIA,M,,,,blue
464170,1856,Olympic Games Athens 2004,,"Athens, Greece",-73,15555,590,590,0,,,0,15555,Daniel,FERNANDES,FRANCE,M,,0.0,,blue
464172,1856,Olympic Games Athens 2004,,"Athens, Greece",-73,857,17706,857,0,,,3,857,Yoel,RAZVOZOV,ISRAEL,M,,175.0,,blue
464173,1856,Olympic Games Athens 2004,,"Athens, Greece",-73,431,857,431,0,,,2,431,Leandro,GUILHEIRO,BRAZIL,M,,175.0,,blue
464175,1856,Olympic Games Athens 2004,,"Athens, Greece",-73,765,835,765,0,,,3,765,David,KEVKHISHVILI,GEORGIA,M,,0.0,,blue
464176,1856,Olympic Games Athens 2004,,"Athens, Greece",-73,52915,765,765,0,,,2,52915,Damdin,SULDBAYAR,MONGOLIA,M,,,,blue
464177,1856,Olympic Games Athens 2004,,"Athens, Greece",-73,765,431,431,0,,,1,765,David,KEVKHISHVILI,GEORGIA,M,,0.0,,blue
464179,1856,Olympic Games Athens 2004,,"Athens, Greece",-73,590,428,590,0,,,3,590,Jimmy,PEDRO,UNITED STATES OF AMERICA,M,,0.0,,blue
464180,1856,Olympic Games Athens 2004,,"Athens, Greece",-73,5202,590,590,0,,,2,5202,Gennadiy,BILODID,UKRAINE,M,,0.0,,blue
464181,1856,Olympic Games Athens 2004,,"Athens, Greece",-73,182,590,590,0,,,1,182,Joao,NETO,PORTUGAL,M,,176.0,,blue
464183,1856,Olympic Games Athens 2004,,"Athens, Greece",-73,2685,52682,2685,0,,,3,2685,Hamed,MALEK MOHAMMADI,ISLAMIC REPUBLIC OF IRAN,M,,179.0,,blue
464184,1856,Olympic Games Athens 2004,,"Athens, Greece",-73,182,2685,182,0,,,2,182,Joao,NETO,PORTUGAL,M,,176.0,,blue
464194,1856,Olympic Games Athens 2004,,"Athens, Greece",-60,31657,4909,4909,0,,,3,31657,Bazarbek,DONBAY,KAZAKHSTAN,M,,0.0,,blue
464195,1856,Olympic Games Athens 2004,,"Athens, Greece",-60,38631,4909,4909,0,,,2,38631,Evgenii,STANEV,RUSSIAN FEDERATION,M,,0.0,,blue
464197,1856,Olympic Games Athens 2004,,"Athens, Greece",-60,414,8827,8827,0,,,3,414,Armen,NAZARYAN,ARMENIA,M,,168.0,,blue
464198,1856,Olympic Games Athens 2004,,"Athens, Greece",-60,52789,8827,52789,0,,,2,52789,Revazi,ZINTIRIDIS,GREECE,M,,,,blue
464200,1856,Olympic Games Athens 2004,,"Athens, Greece",-60,19702,11634,11634,0,,,3,19702,Taraje,WILLIAMS MURRAY,UNITED STATES OF AMERICA,M,,168.0,,blue
464201,1856,Olympic Games Athens 2004,,"Athens, Greece",-60,58,11634,58,0,,,2,58,Min-Ho,CHOI,REPUBLIC OF KOREA,M,,163.0,,blue
464203,1856,Olympic Games Athens 2004,,"Athens, Greece",-60,52788,5225,52788,0,,,3,52788,Oliver,GUSSENBERG,GERMANY,M,,0.0,,blue
464204,1856,Olympic Games Athens 2004,,"Athens, Greece",-60,580,52788,52788,0,,,2,580,Miguel,ALBARRACIN,ARGENTINA,M,,0.0,,blue
464215,1856,Olympic Games Athens 2004,,"Athens, Greece",-60,533,19685,19685,0,,,5,533,Albert,TECHOV,LITHUANIA,M,,164.0,,blue
464229,1856,Olympic Games Athens 2004,,"Athens, Greece",-60,38631,48816,38631,0,,,4,38631,Evgenii,STANEV,RUSSIAN FEDERATION,M,,0.0,,blue
464230,1856,Olympic Games Athens 2004,,"Athens, Greece",-60,52791,824,824,0,,,4,52791,Nam Chol,PAK,DEMOCRATIC PEOPLE'S REPUBLIC OF KOREA,M,,,,blue
464231,1856,Olympic Games Athens 2004,,"Athens, Greece",-60,4909,767,767,0,,,4,4909,Kenji,UEMATSU,SPAIN,M,,0.0,,blue
464232,1856,Olympic Games Athens 2004,,"Athens, Greece",-60,10390,31657,31657,0,,,4,10390,Omar,REBAHI,ALGERIA,M,,0.0,,blue
464233,1856,Olympic Games Athens 2004,,"Athens, Greece",-60,52787,2835,2835,0,,,4,52787,Scott,FERNANDIS,AUSTRALIA,M,,,,blue
464234,1856,Olympic Games Athens 2004,,"Athens, Greece",-60,52789,52792,52789,0,,,4,52789,Revazi,ZINTIRIDIS,GREECE,M,,,,blue
464235,1856,Olympic Games Athens 2004,,"Athens, Greece",-60,8827,10650,10650,0,,,4,8827,Jean Claude,CAMEROUN,CAMEROON,M,,160.0,,blue
464236,1856,Olympic Games Athens 2004,,"Athens, Greece",-60,48007,414,414,0,,,4,48007,Alexandre,LEE,BRAZIL,M,,0.0,,blue
464237,1856,Olympic Games Athens 2004,,"Athens, Greece",-60,11634,192,192,0,,,4,11634,Akram,SHAH,INDIA,M,,0.0,,blue
464238,1856,Olympic Games Athens 2004,,"Athens, Greece",-60,19702,19685,19702,0,,,4,19702,Taraje,WILLIAMS MURRAY,UNITED STATES OF AMERICA,M,,168.0,,blue
464239,1856,Olympic Games Athens 2004,,"Athens, Greece",-60,19702,192,192,0,,,3,19702,Taraje,WILLIAMS MURRAY,UNITED STATES OF AMERICA,M,,168.0,,blue
464240,1856,Olympic Games Athens 2004,,"Athens, Greece",-60,2307,52794,2307,0,,,4,2307,Benjamin,DARBELET,FRANCE,M,,170.0,,blue
464241,1856,Olympic Games Athens 2004,,"Athens, Greece",-60,218,58,58,0,,,4,218,Ludwig,PAISCHER,AUSTRIA,M,,170.0,,blue
464242,1856,Olympic Games Athens 2004,,"Athens, Greece",-60,5225,5156,5156,0,,,4,5225,Modesto,LARA,DOMINICAN REPUBLIC,M,,0.0,,blue
464243,1856,Olympic Games Athens 2004,,"Athens, Greece",-60,5527,52788,52788,0,,,4,5527,Siarhei,NOVIKAU,BELARUS,M,,,,blue
464244,1856,Olympic Games Athens 2004,,"Athens, Greece",-60,44378,52790,52790,0,,,4,44378,David,FERNANDEZ,COSTA RICA,M,,0.0,,blue
464245,1856,Olympic Games Athens 2004,,"Athens, Greece",-60,580,10471,580,0,,,4,580,Miguel,ALBARRACIN,ARGENTINA,M,,0.0,,blue
464246,1856,Olympic Games Athens 2004,,"Athens, Greece",-60,580,52790,580,0,,,3,580,Miguel,ALBARRACIN,ARGENTINA,M,,0.0,,blue
464247,1856,Olympic Games Athens 2004,,"Athens, Greece",-60,580,5156,5156,0,,,2,580,Miguel,ALBARRACIN,ARGENTINA,M,,0.0,,blue
464248,1856,Olympic Games Athens 2004,,"Athens, Greece",-60,52788,5156,5156,0,,,3,52788,Oliver,GUSSENBERG,GERMANY,M,,0.0,,blue
464249,1856,Olympic Games Athens 2004,,"Athens, Greece",-60,5156,192,5156,0,,,1,5156,Tadahiro,NOMURA,JAPAN,M,,,,blue
464250,1856,Olympic Games Athens 2004,,"Athens, Greece",-60,58,2307,58,0,,,3,58,Min-Ho,CHOI,REPUBLIC OF KOREA,M,,163.0,,blue
464251,1856,Olympic Games Athens 2004,,"Athens, Greece",-60,58,192,192,0,,,2,58,Min-Ho,CHOI,REPUBLIC OF KOREA,M,,163.0,,blue
464252,1856,Olympic Games Athens 2004,,"Athens, Greece",-60,5156,767,5156,0,,,0,5156,Tadahiro,NOMURA,JAPAN,M,,,,blue
464253,1856,Olympic Games Athens 2004,,"Athens, Greece",-60,192,4909,192,0,,,0,192,Tsagaanbaatar,KHASHBAATAR,MONGOLIA,M,,170.0,,blue
464254,1856,Olympic Games Athens 2004,,"Athens, Greece",-60,52789,2835,52789,0,,,3,52789,Revazi,ZINTIRIDIS,GREECE,M,,,,blue
464255,1856,Olympic Games Athens 2004,,"Athens, Greece",-60,414,10650,10650,0,,,3,414,Armen,NAZARYAN,ARMENIA,M,,168.0,,blue
464256,1856,Olympic Games Athens 2004,,"Athens, Greece",-60,10650,52789,10650,0,,,2,10650,Masoud,HAJI AKHONDZADEH,ISLAMIC REPUBLIC OF IRAN,M,,0.0,,blue
464257,1856,Olympic Games Athens 2004,,"Athens, Greece",-60,10650,767,767,0,,,1,10650,Masoud,HAJI AKHONDZADEH,ISLAMIC REPUBLIC OF IRAN,M,,0.0,,blue
464258,1856,Olympic Games Athens 2004,,"Athens, Greece",-60,824,38631,38631,0,,,3,824,Anis,LOUNIFI,TUNISIA,M,,0.0,,blue
464259,1856,Olympic Games Athens 2004,,"Athens, Greece",-60,31657,767,767,0,,,3,31657,Bazarbek,DONBAY,KAZAKHSTAN,M,,0.0,,blue
464260,1856,Olympic Games Athens 2004,,"Athens, Greece",-60,767,38631,767,0,,,2,767,Nestor,KHERGIANI,GEORGIA,M,,169.0,,blue
464261,1856,Olympic Games Athens 2004,,"Athens, Greece",-60,10650,58,58,0,,,0,10650,Masoud,HAJI AKHONDZADEH,ISLAMIC REPUBLIC OF IRAN,M,,0.0,,blue
464262,1856,Olympic Games Athens 2004,,"Athens, Greece",-60,52789,4909,4909,0,,,1,52789,Revazi,ZINTIRIDIS,GREECE,M,,,,blue
464263,1856,Olympic Games Athens 2004,,"Athens, Greece",-60,52788,58,58,0,,,1,52788,Oliver,GUSSENBERG,GERMANY,M,,0.0,,blue
464264,1856,Olympic Games Athens 2004,,"Athens, Greece",-81,9454,754,754,0,,,4,9454,Mohammed Ali,BEN SALEH,LIBYA,M,,,,blue
464265,1856,Olympic Games Athens 2004,,"Athens, Greece",-81,17709,52933,52933,0,,,4,17709,Erkin,IBRAGIMOV,KYRGYZSTAN,M,,0.0,,blue
464266,1856,Olympic Games Athens 2004,,"Athens, Greece",-81,14646,279,14646,0,,,4,14646,Mehman,AZIZOV,AZERBAIJAN,M,,0.0,,blue
464267,1856,Olympic Games Athens 2004,,"Athens, Greece",-81,2479,863,863,0,,,4,2479,Ramziddin,SAYIDOV,UZBEKISTAN,M,,188.0,,blue
464268,1856,Olympic Games Athens 2004,,"Athens, Greece",-81,4922,9096,9096,0,,,4,4922,Ricardo,ECHARTE,SPAIN,M,,,,blue
464269,1856,Olympic Games Athens 2004,,"Athens, Greece",-81,52931,13049,52931,0,,,4,52931,Roman,GONTYUK,UKRAINE,M,,,,blue
464270,1856,Olympic Games Athens 2004,,"Athens, Greece",-81,5228,52924,52924,0,,,4,5228,Jose,BOISARD,DOMINICAN REPUBLIC,M,,194.0,,blue
464271,1856,Olympic Games Athens 2004,,"Athens, Greece",-81,49506,759,759,0,,,4,49506,Elsayed,ABOUMEDAN,EGYPT,M,,0.0,,blue
464272,1856,Olympic Games Athens 2004,,"Athens, Greece",-81,224,28642,28642,0,,,4,224,Nyamkhuu,DAMDINSUREN,MONGOLIA,M,,0.0,,blue
464273,1856,Olympic Games Athens 2004,,"Athens, Greece",-81,46942,2260,2260,0,,,4,46942,Cedric,CLAVERIE,FRANCE,M,,0.0,,blue
464274,1856,Olympic Games Athens 2004,,"Athens, Greece",-81,836,299,836,0,,,4,836,Ilias,ILIADIS,GREECE,M,,180.0,,blue
464275,1856,Olympic Games Athens 2004,,"Athens, Greece",-81,12169,10184,12169,0,,,4,12169,Ariel,SGANGA,ARGENTINA,M,,0.0,,blue
464276,1856,Olympic Games Athens 2004,,"Athens, Greece",-81,52929,11674,52929,0,,,4,52929,Dmitri,NOSSOV,RUSSIAN FEDERATION,M,,0.0,,blue
464277,1856,Olympic Games Athens 2004,,"Athens, Greece",-81,6143,4164,4164,0,,,4,6143,Nuno,DELGADO,PORTUGAL,M,,0.0,,blue
464278,1856,Olympic Games Athens 2004,,"Athens, Greece",-81,2269,2074,2074,0,,,4,2269,Mario,VALLES,COLOMBIA,M,,,,blue
464279,1856,Olympic Games Athens 2004,,"Athens, Greece",-81,5935,1093,1093,0,,,4,5935,Grigori,MAMRIKISHVILI,GEORGIA,M,,0.0,,blue
464280,1856,Olympic Games Athens 2004,,"Athens, Greece",-81,52933,9454,52933,0,,,3,52933,Richard,HAWN,UNITED STATES OF AMERICA,M,,,,blue
464281,1856,Olympic Games Athens 2004,,"Athens, Greece",-81,14646,52933,14646,0,,,2,14646,Mehman,AZIZOV,AZERBAIJAN,M,,0.0,,blue
464282,1856,Olympic Games Athens 2004,,"Athens, Greece",-81,52924,14646,14646,0,,,1,52924,Florian,WANNER,GERMANY,M,,,,blue
464283,1856,Olympic Games Athens 2004,,"Athens, Greece",-81,9096,13049,13049,0,,,3,9096,Reza,CHAH KHANDAGH,ISLAMIC REPUBLIC OF IRAN,M,,0.0,,blue
464284,1856,Olympic Games Athens 2004,,"Athens, Greece",-81,52924,13049,52924,0,,,2,52924,Florian,WANNER,GERMANY,M,,,,blue
464285,1856,Olympic Games Athens 2004,,"Athens, Greece",-81,52929,14646,52929,0,,,0,52929,Dmitri,NOSSOV,RUSSIAN FEDERATION,M,,0.0,,blue
464286,1856,Olympic Games Athens 2004,,"Athens, Greece",-81,12169,299,299,0,,,3,12169,Ariel,SGANGA,ARGENTINA,M,,0.0,,blue
464287,1856,Olympic Games Athens 2004,,"Athens, Greece",-81,2260,299,2260,0,,,2,2260,Young-Woo,KWON,REPUBLIC OF KOREA,M,,176.0,,blue
464288,1856,Olympic Games Athens 2004,,"Athens, Greece",-81,2074,2260,2074,0,,,1,2074,Flavio,CANTO,BRAZIL,M,,175.0,,blue
464289,1856,Olympic Games Athens 2004,,"Athens, Greece",-81,4164,11674,4164,0,,,3,4164,Roberto,MELONI,ITALY,M,,180.0,,blue
464290,1856,Olympic Games Athens 2004,,"Athens, Greece",-81,2074,4164,2074,0,,,2,2074,Flavio,CANTO,BRAZIL,M,,175.0,,blue
464291,1856,Olympic Games Athens 2004,,"Athens, Greece",-81,754,2074,2074,0,,,0,754,Robert,KRAWCZYK,POLAND,M,,182.0,,blue
464292,1856,Olympic Games Athens 2004,,"Athens, Greece",-81,52933,754,754,0,,,3,52933,Richard,HAWN,UNITED STATES OF AMERICA,M,,,,blue
464293,1856,Olympic Games Athens 2004,,"Athens, Greece",-81,863,14646,14646,0,,,3,863,Siarhei,SHUNDZIKAU,BELARUS,M,,180.0,,blue
464294,1856,Olympic Games Athens 2004,,"Athens, Greece",-81,14646,754,754,0,,,2,14646,Mehman,AZIZOV,AZERBAIJAN,M,,0.0,,blue
464295,1856,Olympic Games Athens 2004,,"Athens, Greece",-81,52931,754,52931,0,,,1,52931,Roman,GONTYUK,UKRAINE,M,,,,blue
464296,1856,Olympic Games Athens 2004,,"Athens, Greece",-81,52931,9096,52931,0,,,3,52931,Roman,GONTYUK,UKRAINE,M,,,,blue
464297,1856,Olympic Games Athens 2004,,"Athens, Greece",-81,759,52924,52924,0,,,3,759,Amar,BENIKHLEF,ALGERIA,M,,186.0,,blue
464298,1856,Olympic Games Athens 2004,,"Athens, Greece",-81,52924,52931,52931,0,,,2,52924,Florian,WANNER,GERMANY,M,,,,blue
464299,1856,Olympic Games Athens 2004,,"Athens, Greece",-81,836,52931,836,0,,,0,836,Ilias,ILIADIS,GREECE,M,,180.0,,blue
464300,1856,Olympic Games Athens 2004,,"Athens, Greece",-81,2260,28642,2260,0,,,3,2260,Young-Woo,KWON,REPUBLIC OF KOREA,M,,176.0,,blue
464301,1856,Olympic Games Athens 2004,,"Athens, Greece",-81,12169,836,836,0,,,3,12169,Ariel,SGANGA,ARGENTINA,M,,0.0,,blue
464302,1856,Olympic Games Athens 2004,,"Athens, Greece",-81,836,2260,836,0,,,2,836,Ilias,ILIADIS,GREECE,M,,180.0,,blue
464304,1856,Olympic Games Athens 2004,,"Athens, Greece",-81,4164,52929,52929,0,,,3,4164,Roberto,MELONI,ITALY,M,,180.0,,blue
464305,1856,Olympic Games Athens 2004,,"Athens, Greece",-81,2074,52929,52929,0,,,2,2074,Flavio,CANTO,BRAZIL,M,,175.0,,blue
464306,1856,Olympic Games Athens 2004,,"Athens, Greece",-81,1093,2074,2074,0,,,3,1093,Aleksei,BUDOLIN,ESTONIA,M,,0.0,,blue
464307,1856,Olympic Games Athens 2004,,"Athens, Greece",-90,52937,5324,5324,0,,,4,52937,Khaled,MEDDAH,ALGERIA,M,,,,blue
464309,1856,Olympic Games Athens 2004,,"Athens, Greece",-90,22015,1045,22015,0,,,4,22015,Winston,GORDON,GERMANY,M,,0.0,,blue
464310,1856,Olympic Games Athens 2004,,"Athens, Greece",-90,40787,1229,40787,0,,,4,40787,Jose Vicbart,GERALDINO ROSSELLO,DOMINICAN REPUBLIC,M,,0.0,,blue
464311,1856,Olympic Games Athens 2004,,"Athens, Greece",-90,52695,52951,52695,0,,,4,52695,Frederic,DEMONTFAUCON,FRANCE,M,,,,blue
464312,1856,Olympic Games Athens 2004,,"Athens, Greece",-90,52688,52939,52688,0,,,4,52688,Brian,OLSON,UNITED STATES OF AMERICA,M,,,,blue
464313,1856,Olympic Games Athens 2004,,"Athens, Greece",-90,52949,4162,4162,0,,,4,52949,Francesco,LEPRE,ITALY,M,,,,blue
464314,1856,Olympic Games Athens 2004,,"Athens, Greece",-90,2638,1955,1955,0,,,4,2638,Yosvane,DESPAIGNE TERRY,ITALY,M,,,,blue
464315,1856,Olympic Games Athens 2004,,"Athens, Greece",-90,466,671,671,0,,,4,466,David,ALARZA,SPAIN,M,,186.0,,blue
464316,1856,Olympic Games Athens 2004,,"Athens, Greece",-90,53011,4494,53011,0,,,4,53011,Eduardo,COSTA,ARGENTINA,M,,,,blue
464317,1856,Olympic Games Athens 2004,,"Athens, Greece",-90,52687,18392,52687,0,,,4,52687,Hiroshi,IZUMI,JAPAN,M,,,,blue
464318,1856,Olympic Games Athens 2004,,"Athens, Greece",-90,7887,837,837,0,,,4,7887,Vyacheslav,PERETEYKO,UZBEKISTAN,M,,180.0,,blue
464319,1856,Olympic Games Athens 2004,,"Athens, Greece",-90,752,1980,1980,0,,,4,752,Przemyslaw,MATYJASZEK,POLAND,M,,186.0,,blue
464320,1856,Olympic Games Athens 2004,,"Athens, Greece",-90,3395,52946,3395,0,,,4,3395,Mark,HUIZINGA,NETHERLANDS,M,,190.0,,blue
464321,1856,Olympic Games Athens 2004,,"Athens, Greece",-90,52692,53010,52692,0,,,4,52692,Keith Laurence,MORGAN,CANADA,M,,,,blue
464322,1856,Olympic Games Athens 2004,,"Athens, Greece",-90,52941,889,889,0,,,4,52941,Rostand Barry,MELAPING,CAMEROON,M,,,,blue
464324,1856,Olympic Games Athens 2004,,"Athens, Greece",-90,22015,5324,22015,0,,,2,22015,Winston,GORDON,GERMANY,M,,0.0,,blue
464325,1856,Olympic Games Athens 2004,,"Athens, Greece",-90,40787,22015,22015,0,,,3,40787,Jose Vicbart,GERALDINO ROSSELLO,DOMINICAN REPUBLIC,M,,0.0,,blue
464326,1856,Olympic Games Athens 2004,,"Athens, Greece",-90,4162,22015,4162,0,,,1,4162,Zurab,ZVIADAURI,GEORGIA,M,,180.0,,blue
464327,1856,Olympic Games Athens 2004,,"Athens, Greece",-90,52688,52695,52695,0,,,3,52688,Brian,OLSON,UNITED STATES OF AMERICA,M,,,,blue
464328,1856,Olympic Games Athens 2004,,"Athens, Greece",-90,4162,52695,4162,0,,,2,4162,Zurab,ZVIADAURI,GEORGIA,M,,180.0,,blue
464329,1856,Olympic Games Athens 2004,,"Athens, Greece",-90,1955,4162,4162,0,,,3,1955,Khasanbi,TAOV,RUSSIAN FEDERATION,M,,0.0,,blue
464330,1856,Olympic Games Athens 2004,,"Athens, Greece",-90,22015,3395,3395,0,,,0,22015,Winston,GORDON,GERMANY,M,,0.0,,blue
464331,1856,Olympic Games Athens 2004,,"Athens, Greece",-90,52687,4162,4162,0,,,0,52687,Hiroshi,IZUMI,JAPAN,M,,,,blue
464332,1856,Olympic Games Athens 2004,,"Athens, Greece",-90,53011,671,53011,0,,,3,53011,Eduardo,COSTA,ARGENTINA,M,,,,blue
464333,1856,Olympic Games Athens 2004,,"Athens, Greece",-90,52687,53011,52687,0,,,2,52687,Hiroshi,IZUMI,JAPAN,M,,,,blue
464334,1856,Olympic Games Athens 2004,,"Athens, Greece",-90,837,52687,52687,0,,,3,837,Dionysios,ILIADIS,GREECE,M,,180.0,,blue
464335,1856,Olympic Games Athens 2004,,"Athens, Greece",-90,1980,52687,52687,0,,,1,1980,Hee-Tae,HWANG,REPUBLIC OF KOREA,M,,180.0,,blue
464336,1856,Olympic Games Athens 2004,,"Athens, Greece",-90,3395,1980,1980,0,,,3,3395,Mark,HUIZINGA,NETHERLANDS,M,,190.0,,blue
464337,1856,Olympic Games Athens 2004,,"Athens, Greece",-90,52692,1980,1980,0,,,2,52692,Keith Laurence,MORGAN,CANADA,M,,,,blue
464338,1856,Olympic Games Athens 2004,,"Athens, Greece",-90,889,52692,52692,0,,,3,889,Hesham,MESBAH,EGYPT,M,,182.0,,blue
464339,1856,Olympic Games Athens 2004,,"Athens, Greece",-90,1980,1955,1955,0,,,0,1980,Hee-Tae,HWANG,REPUBLIC OF KOREA,M,,180.0,,blue
464340,1856,Olympic Games Athens 2004,,"Athens, Greece",-90,40787,1045,1045,0,,,3,40787,Jose Vicbart,GERALDINO ROSSELLO,DOMINICAN REPUBLIC,M,,0.0,,blue
464341,1856,Olympic Games Athens 2004,,"Athens, Greece",-90,5324,1045,1045,0,,,2,5324,Carlos,HONORATO,BRAZIL,M,,,,blue
464342,1856,Olympic Games Athens 2004,,"Athens, Greece",-90,1955,52949,1955,0,,,3,1955,Khasanbi,TAOV,RUSSIAN FEDERATION,M,,0.0,,blue
464343,1856,Olympic Games Athens 2004,,"Athens, Greece",-90,52695,1955,1955,0,,,2,52695,Frederic,DEMONTFAUCON,FRANCE,M,,,,blue
464344,1856,Olympic Games Athens 2004,,"Athens, Greece",-90,837,18392,18392,0,,,3,837,Dionysios,ILIADIS,GREECE,M,,180.0,,blue
464345,1856,Olympic Games Athens 2004,,"Athens, Greece",-90,53011,18392,53011,0,,,2,53011,Eduardo,COSTA,ARGENTINA,M,,,,blue
464346,1856,Olympic Games Athens 2004,,"Athens, Greece",-90,3395,752,3395,0,,,3,3395,Mark,HUIZINGA,NETHERLANDS,M,,190.0,,blue
464347,1856,Olympic Games Athens 2004,,"Athens, Greece",-90,52692,3395,3395,0,,,2,52692,Keith Laurence,MORGAN,CANADA,M,,,,blue
464348,1856,Olympic Games Athens 2004,,"Athens, Greece",-90,1955,1045,1955,0,,,1,1955,Khasanbi,TAOV,RUSSIAN FEDERATION,M,,0.0,,blue
464349,1856,Olympic Games Athens 2004,,"Athens, Greece",-90,3395,53011,3395,0,,,1,3395,Mark,HUIZINGA,NETHERLANDS,M,,190.0,,blue
464350,1856,Olympic Games Athens 2004,,"Athens, Greece",-48,12696,52706,12696,0,,,4,12696,Liubov,BRULETOVA,RUSSIAN FEDERATION,F,,0.0,,blue
464352,1856,Olympic Games Athens 2004,,"Athens, Greece",-48,52927,43010,52927,0,,,4,52927,Tatyana,SHISHKINA,KAZAKHSTAN,F,,,,blue
464354,1856,Olympic Games Athens 2004,,"Athens, Greece",-48,15618,52921,15618,0,,,4,15618,Soraya,HADDAD,ALGERIA,F,,0.0,,blue
464358,1856,Olympic Games Athens 2004,,"Athens, Greece",-48,52923,2427,52923,0,,,4,52923,Feng,GAO,PEOPLE'S REPUBLIC OF CHINA,F,,,,blue
464361,1856,Olympic Games Athens 2004,,"Athens, Greece",-48,2147,410,410,0,,,4,2147,Sonya,CHERVONSKY,AUSTRALIA,F,,160.0,,blue
464364,1856,Olympic Games Athens 2004,,"Athens, Greece",-48,52930,52932,52932,0,,,4,52930,Kyong Ok,RI,DEMOCRATIC PEOPLE'S REPUBLIC OF KOREA,F,,,,blue
464367,1856,Olympic Games Athens 2004,,"Athens, Greece",-48,52928,52927,52928,0,,,2,52928,Anna,ZEMLA-KRAJEWSKA,POLAND,F,,,,blue
464368,1856,Olympic Games Athens 2004,,"Athens, Greece",-48,7023,52928,7023,0,,,1,7023,Maria,KARAGIANNOPOULOU,GREECE,F,,160.0,,blue
464370,1856,Olympic Games Athens 2004,,"Athens, Greece",-48,15618,7023,7023,0,,,2,15618,Soraya,HADDAD,ALGERIA,F,,0.0,,blue
464371,1856,Olympic Games Athens 2004,,"Athens, Greece",-48,52926,7023,52926,0,,,0,52926,Julia,MATIJASS,GERMANY,F,,,,blue
464372,1856,Olympic Games Athens 2004,,"Athens, Greece",-48,52918,2147,52918,0,,,3,52918,Tatiana,MOSKVINA,BELARUS,F,,,,blue
464373,1856,Olympic Games Athens 2004,,"Athens, Greece",-48,52923,52918,52923,0,,,2,52923,Feng,GAO,PEOPLE'S REPUBLIC OF CHINA,F,,,,blue
464374,1856,Olympic Games Athens 2004,,"Athens, Greece",-48,6390,52923,52923,0,,,1,6390,Gue-Rin,YE,REPUBLIC OF KOREA,F,,,,blue
464376,1856,Olympic Games Athens 2004,,"Athens, Greece",-48,6390,52922,6390,0,,,2,6390,Gue-Rin,YE,REPUBLIC OF KOREA,F,,,,blue
464377,1856,Olympic Games Athens 2004,,"Athens, Greece",-48,383,52923,52923,0,,,0,383,Alina,DUMITRU,ROMANIA,F,,158.0,,blue
464378,1856,Olympic Games Athens 2004,,"Athens, Greece",-48,52928,12696,52928,0,,,3,52928,Anna,ZEMLA-KRAJEWSKA,POLAND,F,,,,blue
464379,1856,Olympic Games Athens 2004,,"Athens, Greece",-48,383,52928,383,0,,,2,383,Alina,DUMITRU,ROMANIA,F,,158.0,,blue
464380,1856,Olympic Games Athens 2004,,"Athens, Greece",-48,383,52927,383,0,,,3,383,Alina,DUMITRU,ROMANIA,F,,158.0,,blue
464381,1856,Olympic Games Athens 2004,,"Athens, Greece",-48,52630,383,52630,0,,,1,52630,Ryoko,TANI,JAPAN,F,,0.0,,blue
464382,1856,Olympic Games Athens 2004,,"Athens, Greece",-48,52934,15618,15618,0,,,3,52934,Yamila,ZAMBRANO,CUBA,F,,,,blue
464383,1856,Olympic Games Athens 2004,,"Athens, Greece",-48,52630,15618,52630,0,,,2,52630,Ryoko,TANI,JAPAN,F,,0.0,,blue
464384,1856,Olympic Games Athens 2004,,"Athens, Greece",-48,7023,52630,52630,0,,,3,7023,Maria,KARAGIANNOPOULOU,GREECE,F,,160.0,,blue
464385,1856,Olympic Games Athens 2004,,"Athens, Greece",-48,52935,52923,52923,0,,,3,52935,Giuseppina,MACRI,ITALY,F,,,,blue
464386,1856,Olympic Games Athens 2004,,"Athens, Greece",-48,410,52923,410,0,,,2,410,Frederique,JOSSINET,FRANCE,F,,160.0,,blue
464387,1856,Olympic Games Athens 2004,,"Athens, Greece",-48,410,52918,410,0,,,3,410,Frederique,JOSSINET,FRANCE,F,,160.0,,blue
464388,1856,Olympic Games Athens 2004,,"Athens, Greece",-48,52926,410,410,0,,,1,52926,Julia,MATIJASS,GERMANY,F,,,,blue
464389,1856,Olympic Games Athens 2004,,"Athens, Greece",-48,52922,52926,52926,0,,,3,52922,Carolyne,LEPAGE,CANADA,F,,,,blue
464390,1856,Olympic Games Athens 2004,,"Athens, Greece",-48,6390,52926,52926,0,,,2,6390,Gue-Rin,YE,REPUBLIC OF KOREA,F,,,,blue
464391,1856,Olympic Games Athens 2004,,"Athens, Greece",-48,6390,52932,6390,0,,,3,6390,Gue-Rin,YE,REPUBLIC OF KOREA,F,,,,blue
464392,1856,Olympic Games Athens 2004,,"Athens, Greece",-48,410,52630,52630,0,,,0,410,Frederique,JOSSINET,FRANCE,F,,160.0,,blue
464394,1856,Olympic Games Athens 2004,,"Athens, Greece",-52,172,52942,172,0,,,4,172,Telma,MONTEIRO,PORTUGAL,F,,160.0,,blue
464396,1856,Olympic Games Athens 2004,,"Athens, Greece",-52,52947,52944,52947,0,,,4,52947,Ioana Maria,ALUAS,ROMANIA,F,,,,blue
464397,1856,Olympic Games Athens 2004,,"Athens, Greece",-52,52952,52940,52940,0,,,4,52952,Charlee,MINKIN,UNITED STATES OF AMERICA,F,,,,blue
464399,1856,Olympic Games Athens 2004,,"Athens, Greece",-52,266,771,771,0,,,4,266,Petra,NAREKS,SLOVENIA,F,,163.0,,blue
464401,1856,Olympic Games Athens 2004,,"Athens, Greece",-52,52945,2327,2327,0,,,4,52945,Sang Sim,RI,DEMOCRATIC PEOPLE'S REPUBLIC OF KOREA,F,,,,blue
464402,1856,Olympic Games Athens 2004,,"Athens, Greece",-52,52938,6534,52938,0,,,4,52938,Georgina,SINGLETON,GREAT BRITAIN,F,,,,blue
464404,1856,Olympic Games Athens 2004,,"Athens, Greece",-52,6008,48040,48040,0,,,4,6008,Sanna,ASKELOF,SWEDEN,F,,156.0,,blue
464407,1856,Olympic Games Athens 2004,,"Athens, Greece",-52,325,52943,325,0,,,4,325,Ilse,HEYLEN,BELGIUM,F,,162.0,,blue
464410,1856,Olympic Games Athens 2004,,"Athens, Greece",-52,172,52947,52947,0,,,2,172,Telma,MONTEIRO,PORTUGAL,F,,160.0,,blue
464412,1856,Olympic Games Athens 2004,,"Athens, Greece",-52,52940,771,771,0,,,2,52940,Raffaella,IMBRIANI,GERMANY,F,,,,blue
464413,1856,Olympic Games Athens 2004,,"Athens, Greece",-52,6908,52945,52945,0,,,3,6908,Diedhiou,HORTENSE,SENEGAL,F,,,,blue
464414,1856,Olympic Games Athens 2004,,"Athens, Greece",-52,52938,52945,52938,0,,,2,52938,Georgina,SINGLETON,GREAT BRITAIN,F,,,,blue
464415,1856,Olympic Games Athens 2004,,"Athens, Greece",-52,4125,6008,6008,0,,,3,4125,Eun Hee,LEE,REPUBLIC OF KOREA,F,,160.0,,blue
464416,1856,Olympic Games Athens 2004,,"Athens, Greece",-52,325,6008,325,0,,,2,325,Ilse,HEYLEN,BELGIUM,F,,162.0,,blue
464417,1856,Olympic Games Athens 2004,,"Athens, Greece",-52,325,52938,325,0,,,1,325,Ilse,HEYLEN,BELGIUM,F,,162.0,,blue
464418,1856,Olympic Games Athens 2004,,"Athens, Greece",-52,15240,325,325,0,,,0,15240,Annabelle,EURANIE,FRANCE,F,,170.0,,blue
464419,1856,Olympic Games Athens 2004,,"Athens, Greece",-52,771,52947,771,0,,,1,771,Salima,SOUAKRI,ALGERIA,F,,0.0,,blue
464420,1856,Olympic Games Athens 2004,,"Athens, Greece",-52,48040,771,48040,0,,,0,48040,Amarilis,SAVON CARMENATE,UNITED STATES OF AMERICA,F,,0.0,,blue
464421,1856,Olympic Games Athens 2004,,"Athens, Greece",-52,172,19087,172,0,,,3,172,Telma,MONTEIRO,PORTUGAL,F,,160.0,,blue
464422,1856,Olympic Games Athens 2004,,"Athens, Greece",-52,15240,172,15240,0,,,2,15240,Annabelle,EURANIE,FRANCE,F,,170.0,,blue
464423,1856,Olympic Games Athens 2004,,"Athens, Greece",-52,52947,15240,15240,0,,,3,52947,Ioana Maria,ALUAS,ROMANIA,F,,,,blue
464424,1856,Olympic Games Athens 2004,,"Athens, Greece",-52,14900,15240,14900,0,,,1,14900,Dongmei,XIAN,PEOPLE'S REPUBLIC OF CHINA,F,,0.0,,blue
464425,1856,Olympic Games Athens 2004,,"Athens, Greece",-52,49477,52940,52940,0,,,3,49477,Maria,TSELARIDOU,GREECE,F,,0.0,,blue
464426,1856,Olympic Games Athens 2004,,"Athens, Greece",-52,14900,52940,14900,0,,,2,14900,Dongmei,XIAN,PEOPLE'S REPUBLIC OF CHINA,F,,0.0,,blue
464427,1856,Olympic Games Athens 2004,,"Athens, Greece",-52,14900,771,14900,0,,,3,14900,Dongmei,XIAN,PEOPLE'S REPUBLIC OF CHINA,F,,0.0,,blue
464428,1856,Olympic Games Athens 2004,,"Athens, Greece",-52,2327,14900,14900,0,,,0,2327,Yuki,YOKOSAWA,JAPAN,F,,,,blue
464429,1856,Olympic Games Athens 2004,,"Athens, Greece",-52,6908,2327,2327,0,,,3,6908,Diedhiou,HORTENSE,SENEGAL,F,,,,blue
464430,1856,Olympic Games Athens 2004,,"Athens, Greece",-52,52938,2327,2327,0,,,2,52938,Georgina,SINGLETON,GREAT BRITAIN,F,,,,blue
464431,1856,Olympic Games Athens 2004,,"Athens, Greece",-52,6766,52938,52938,0,,,3,6766,Flor,VELAZQUEZ,VENEZUELA,F,,165.0,,blue
464432,1856,Olympic Games Athens 2004,,"Athens, Greece",-52,48040,2327,2327,0,,,1,48040,Amarilis,SAVON CARMENATE,UNITED STATES OF AMERICA,F,,0.0,,blue
464433,1856,Olympic Games Athens 2004,,"Athens, Greece",-52,4125,48040,48040,0,,,3,4125,Eun Hee,LEE,REPUBLIC OF KOREA,F,,160.0,,blue
464434,1856,Olympic Games Athens 2004,,"Athens, Greece",-52,325,48040,48040,0,,,2,325,Ilse,HEYLEN,BELGIUM,F,,162.0,,blue
464435,1856,Olympic Games Athens 2004,,"Athens, Greece",-52,325,12608,325,0,,,3,325,Ilse,HEYLEN,BELGIUM,F,,162.0,,blue
464437,1856,Olympic Games Athens 2004,,"Athens, Greece",-57,24662,15909,24662,0,,,4,24662,Lena,GOELDI,GERMANY,F,,0.0,,blue
464441,1856,Olympic Games Athens 2004,,"Athens, Greece",-57,52953,2870,2870,0,,,4,52953,Elina Vavailagi,NASAUDRODRO,FIJI,F,,160.0,,blue
464443,1856,Olympic Games Athens 2004,,"Athens, Greece",-57,7270,7991,7991,0,,,4,7270,Marcon,BEZZINA,MALTA,F,,163.0,,blue
464445,1856,Olympic Games Athens 2004,,"Athens, Greece",-57,36426,26593,26593,0,,,4,36426,Cinzia,CAVAZZUTI,ITALY,F,,0.0,,blue
464446,1856,Olympic Games Athens 2004,,"Athens, Greece",-57,3937,756,3937,0,,,4,3937,Yuxiang,LIU,PEOPLE'S REPUBLIC OF CHINA,F,,0.0,,blue
464448,1856,Olympic Games Athens 2004,,"Athens, Greece",-57,7515,52955,52955,0,,,4,7515,Rudimar,FLEMING,VENEZUELA,F,,175.0,,blue
464451,1856,Olympic Games Athens 2004,,"Athens, Greece",-57,3328,695,695,0,,,4,3328,Isabel,FERNANDEZ,SPAIN,F,,162.0,,blue
464453,1856,Olympic Games Athens 2004,,"Athens, Greece",-57,24662,1739,1739,0,,,2,24662,Lena,GOELDI,GERMANY,F,,0.0,,blue
464454,1856,Olympic Games Athens 2004,,"Athens, Greece",-57,52956,7270,52956,0,,,3,52956,Natalia,YUKHAREVA,RUSSIAN FEDERATION,F,,,,blue
464455,1856,Olympic Games Athens 2004,,"Athens, Greece",-57,2870,52956,52956,0,,,2,2870,Sophie,COX,GREAT BRITAIN,F,,155.0,,blue
464456,1856,Olympic Games Athens 2004,,"Athens, Greece",-57,52956,1739,1739,0,,,1,52956,Natalia,YUKHAREVA,RUSSIAN FEDERATION,F,,,,blue
464457,1856,Olympic Games Athens 2004,,"Athens, Greece",-57,26593,1739,26593,0,,,0,26593,Deborah,GRAVENSTIJN,NETHERLANDS,F,,0.0,,blue
464458,1856,Olympic Games Athens 2004,,"Athens, Greece",-57,52957,36426,36426,0,,,3,52957,Ellen,WILSON,UNITED STATES OF AMERICA,F,,,,blue
464459,1856,Olympic Games Athens 2004,,"Athens, Greece",-57,13963,36426,36426,0,,,2,13963,Danielle,ZANGRANDO,BRAZIL,F,,0.0,,blue
464460,1856,Olympic Games Athens 2004,,"Athens, Greece",-57,3328,36426,3328,0,,,1,3328,Isabel,FERNANDEZ,SPAIN,F,,162.0,,blue
464461,1856,Olympic Games Athens 2004,,"Athens, Greece",-57,958,3328,3328,0,,,3,958,Jessica,GARCIA,PUERTO RICO,F,,165.0,,blue
464462,1856,Olympic Games Athens 2004,,"Athens, Greece",-57,52955,3328,3328,0,,,2,52955,Kie,KUSAKABE,JAPAN,F,,,,blue
464463,1856,Olympic Games Athens 2004,,"Athens, Greece",-57,954,3328,954,0,,,0,954,Yurileidys,LUPETEY COBAS,CUBA,F,,165.0,,blue
464464,1856,Olympic Games Athens 2004,,"Athens, Greece",-57,24662,41223,24662,0,,,3,24662,Lena,GOELDI,GERMANY,F,,0.0,,blue
464465,1856,Olympic Games Athens 2004,,"Athens, Greece",-57,954,24662,954,0,,,2,954,Yurileidys,LUPETEY COBAS,CUBA,F,,165.0,,blue
464466,1856,Olympic Games Athens 2004,,"Athens, Greece",-57,954,1739,954,0,,,3,954,Yurileidys,LUPETEY COBAS,CUBA,F,,165.0,,blue
464467,1856,Olympic Games Athens 2004,,"Athens, Greece",-57,7991,954,7991,0,,,1,7991,Sun Hui,KYE,DEMOCRATIC PEOPLE'S REPUBLIC OF KOREA,F,,0.0,,blue
464468,1856,Olympic Games Athens 2004,,"Athens, Greece",-57,2870,840,2870,0,,,3,2870,Sophie,COX,GREAT BRITAIN,F,,155.0,,blue
464469,1856,Olympic Games Athens 2004,,"Athens, Greece",-57,7991,2870,7991,0,,,2,7991,Sun Hui,KYE,DEMOCRATIC PEOPLE'S REPUBLIC OF KOREA,F,,0.0,,blue
464470,1856,Olympic Games Athens 2004,,"Athens, Greece",-57,7991,52956,7991,0,,,3,7991,Sun Hui,KYE,DEMOCRATIC PEOPLE'S REPUBLIC OF KOREA,F,,0.0,,blue
464471,1856,Olympic Games Athens 2004,,"Athens, Greece",-57,26593,52957,26593,0,,,3,26593,Deborah,GRAVENSTIJN,NETHERLANDS,F,,0.0,,blue
464472,1856,Olympic Games Athens 2004,,"Athens, Greece",-57,13963,26593,26593,0,,,2,13963,Danielle,ZANGRANDO,BRAZIL,F,,0.0,,blue
464473,1856,Olympic Games Athens 2004,,"Athens, Greece",-57,13963,3937,13963,0,,,3,13963,Danielle,ZANGRANDO,BRAZIL,F,,0.0,,blue
464474,1856,Olympic Games Athens 2004,,"Athens, Greece",-57,695,26593,695,0,,,1,695,Yvonne,BOENISCH,GERMANY,F,,168.0,,blue
464475,1856,Olympic Games Athens 2004,,"Athens, Greece",-57,695,7991,695,0,,,0,695,Yvonne,BOENISCH,GERMANY,F,,168.0,,blue
464476,1856,Olympic Games Athens 2004,,"Athens, Greece",-57,4483,52955,52955,0,,,3,4483,Khishigbat,ERDENET-OD,MONGOLIA,F,,,,blue
464477,1856,Olympic Games Athens 2004,,"Athens, Greece",-57,695,52955,695,0,,,2,695,Yvonne,BOENISCH,GERMANY,F,,168.0,,blue
464478,1856,Olympic Games Athens 2004,,"Athens, Greece",-57,695,958,695,0,,,3,695,Yvonne,BOENISCH,GERMANY,F,,168.0,,blue
464480,1856,Olympic Games Athens 2004,,"Athens, Greece",-63,6358,52966,6358,0,,,4,6358,Ayumi,TANIMOTO,JAPAN,F,,0.0,,blue
464481,1856,Olympic Games Athens 2004,,"Athens, Greece",-63,133,52716,133,0,,,4,133,Marie-Helene,CHISHOLM,CANADA,F,,0.0,,blue
464485,1856,Olympic Games Athens 2004,,"Athens, Greece",-63,52963,419,419,0,,,4,52963,Sara,ALVAREZ,SPAIN,F,,,,blue
464487,1856,Olympic Games Athens 2004,,"Athens, Greece",-63,52965,34409,52965,0,,,4,52965,Ok Song,HONG,DEMOCRATIC PEOPLE'S REPUBLIC OF KOREA,F,,,,blue
464489,1856,Olympic Games Athens 2004,,"Athens, Greece",-63,2589,401,401,0,,,4,2589,Ronda,ROUSEY,UNITED STATES OF AMERICA,F,,,,blue
464493,1856,Olympic Games Athens 2004,,"Athens, Greece",-63,52960,26324,26324,0,,,4,52960,Vania,ISHII,BRAZIL,F,,,,blue
464495,1856,Olympic Games Athens 2004,,"Athens, Greece",-63,52962,52966,52966,0,,,3,52962,Diana,MAZA,ECUADOR,F,,,,blue
464496,1856,Olympic Games Athens 2004,,"Athens, Greece",-63,133,52966,133,0,,,2,133,Marie-Helene,CHISHOLM,CANADA,F,,0.0,,blue
464497,1856,Olympic Games Athens 2004,,"Athens, Greece",-63,419,133,133,0,,,1,419,Lucie,DECOSSE,FRANCE,F,,168.0,,blue
464499,1856,Olympic Games Athens 2004,,"Athens, Greece",-63,419,52964,419,0,,,2,419,Lucie,DECOSSE,FRANCE,F,,168.0,,blue
464500,1856,Olympic Games Athens 2004,,"Athens, Greece",-63,268,133,268,0,,,0,268,Urska,ZOLNIR JUGOVAR,SLOVENIA,F,,175.0,,blue
464501,1856,Olympic Games Athens 2004,,"Athens, Greece",-63,106,2589,2589,0,,,3,106,Sarah,CLARK,GREAT BRITAIN,F,,176.0,,blue
464502,1856,Olympic Games Athens 2004,,"Athens, Greece",-63,52965,2589,52965,0,,,2,52965,Ok Song,HONG,DEMOCRATIC PEOPLE'S REPUBLIC OF KOREA,F,,,,blue
464504,1856,Olympic Games Athens 2004,,"Athens, Greece",-63,26324,16149,16149,0,,,2,26324,Gella,VANDECAVEYE,BELGIUM,F,,0.0,,blue
464505,1856,Olympic Games Athens 2004,,"Athens, Greece",-63,16149,52965,16149,0,,,1,16149,Driulis,GONZALEZ,CUBA,F,,0.0,,blue
464506,1856,Olympic Games Athens 2004,,"Athens, Greece",-63,2670,16149,16149,0,,,0,2670,Daniela Yael,KRUKOWER,ARGENTINA,F,,0.0,,blue
464507,1856,Olympic Games Athens 2004,,"Athens, Greece",-63,6358,52962,6358,0,,,3,6358,Ayumi,TANIMOTO,JAPAN,F,,0.0,,blue
464508,1856,Olympic Games Athens 2004,,"Athens, Greece",-63,52961,133,133,0,,,3,52961,Shufang,LI,PEOPLE'S REPUBLIC OF CHINA,F,,,,blue
464509,1856,Olympic Games Athens 2004,,"Athens, Greece",-63,133,6358,6358,0,,,2,133,Marie-Helene,CHISHOLM,CANADA,F,,0.0,,blue
464510,1856,Olympic Games Athens 2004,,"Athens, Greece",-63,2670,6358,6358,0,,,1,2670,Daniela Yael,KRUKOWER,ARGENTINA,F,,0.0,,blue
464511,1856,Olympic Games Athens 2004,,"Athens, Greece",-63,52964,2670,2670,0,,,3,52964,Bok Hee,LEE,REPUBLIC OF KOREA,F,,,,blue
464512,1856,Olympic Games Athens 2004,,"Athens, Greece",-63,419,2670,2670,0,,,2,419,Lucie,DECOSSE,FRANCE,F,,168.0,,blue
464513,1856,Olympic Games Athens 2004,,"Athens, Greece",-63,52958,419,419,0,,,3,52958,Carly,DIXON,AUSTRALIA,F,,0.0,,blue
464514,1856,Olympic Games Athens 2004,,"Athens, Greece",-63,4470,52965,52965,0,,,3,4470,Henriette,MOLLER,SOUTH AFRICA,F,,165.0,,blue
464515,1856,Olympic Games Athens 2004,,"Athens, Greece",-63,401,52965,401,0,,,2,401,Claudia,HEILL,AUSTRIA,F,,,,blue
464516,1856,Olympic Games Athens 2004,,"Athens, Greece",-63,106,401,401,0,,,3,106,Sarah,CLARK,GREAT BRITAIN,F,,176.0,,blue
464517,1856,Olympic Games Athens 2004,,"Athens, Greece",-63,268,401,401,0,,,1,268,Urska,ZOLNIR JUGOVAR,SLOVENIA,F,,175.0,,blue
464518,1856,Olympic Games Athens 2004,,"Athens, Greece",-63,401,6358,6358,0,,,0,401,Claudia,HEILL,AUSTRIA,F,,,,blue
464519,1856,Olympic Games Athens 2004,,"Athens, Greece",-63,268,16149,268,0,,,3,268,Urska,ZOLNIR JUGOVAR,SLOVENIA,F,,175.0,,blue
464520,1856,Olympic Games Athens 2004,,"Athens, Greece",-63,26324,268,268,0,,,2,26324,Gella,VANDECAVEYE,BELGIUM,F,,0.0,,blue
464521,1856,Olympic Games Athens 2004,,"Athens, Greece",-63,52967,26324,26324,0,,,3,52967,Eleni,TAMPASI,GREECE,F,,,,blue
464525,1856,Olympic Games Athens 2004,,"Athens, Greece",-70,424,52969,424,0,,,4,424,Cecilia,BLANCO,SPAIN,F,,173.0,,blue
464526,1856,Olympic Games Athens 2004,,"Athens, Greece",-70,1114,52977,1114,0,,,4,1114,Kate,HOWEY,GREAT BRITAIN,F,,0.0,,blue
464528,1856,Olympic Games Athens 2004,,"Athens, Greece",-70,757,52972,52972,0,,,4,757,Rachida,OUERDANE,ALGERIA,F,,,,blue
464533,1856,Olympic Games Athens 2004,,"Athens, Greece",-70,323,52976,323,0,,,4,323,Catherine,JACQUES,BELGIUM,F,,176.0,,blue
464535,1856,Olympic Games Athens 2004,,"Athens, Greece",-70,5331,52973,5331,0,,,4,5331,Antonia,MOREIRA,ANGOLA,F,,175.0,,blue
464537,1856,Olympic Games Athens 2004,,"Athens, Greece",-70,29088,52974,29088,0,,,4,29088,Adriana,DADCI SMOLINIEC,POLAND,F,,0.0,,blue
464539,1856,Olympic Games Athens 2004,,"Athens, Greece",-70,52970,424,424,0,,,2,52970,Elizabeth,COPES,ARGENTINA,F,,0.0,,blue
464541,1856,Olympic Games Athens 2004,,"Athens, Greece",-70,2219,52972,52972,0,,,2,2219,Catherine,ROBERGE,CANADA,F,,165.0,,blue
464542,1856,Olympic Games Athens 2004,,"Athens, Greece",-70,52972,424,52972,0,,,1,52972,Dongya,QIN,PEOPLE'S REPUBLIC OF CHINA,F,,,,blue
464543,1856,Olympic Games Athens 2004,,"Athens, Greece",-70,48940,52972,52972,0,,,0,48940,Catherine,ARLOVE,AUSTRALIA,F,,170.0,,blue
464544,1856,Olympic Games Athens 2004,,"Athens, Greece",-70,258,42599,258,0,,,3,258,Rasa,SRAKA,SLOVENIA,F,,175.0,,blue
464545,1856,Olympic Games Athens 2004,,"Athens, Greece",-70,323,258,323,0,,,2,323,Catherine,JACQUES,BELGIUM,F,,176.0,,blue
464546,1856,Olympic Games Athens 2004,,"Athens, Greece",-70,27767,323,323,0,,,1,27767,Ryon Mi,KIM,DEMOCRATIC PEOPLE'S REPUBLIC OF KOREA,F,,0.0,,blue
464548,1856,Olympic Games Athens 2004,,"Athens, Greece",-70,27767,52974,27767,0,,,2,27767,Ryon Mi,KIM,DEMOCRATIC PEOPLE'S REPUBLIC OF KOREA,F,,0.0,,blue
464549,1856,Olympic Games Athens 2004,,"Athens, Greece",-70,4269,323,4269,0,,,0,4269,Annett,BOEHM,GERMANY,F,,0.0,,blue
464550,1856,Olympic Games Athens 2004,,"Athens, Greece",-70,52970,52975,52970,0,,,3,52970,Elizabeth,COPES,ARGENTINA,F,,0.0,,blue
464551,1856,Olympic Games Athens 2004,,"Athens, Greece",-70,424,248,248,0,,,3,424,Cecilia,BLANCO,SPAIN,F,,173.0,,blue
464552,1856,Olympic Games Athens 2004,,"Athens, Greece",-70,248,52970,248,0,,,2,248,Edith,BOSCH,NETHERLANDS,F,,183.0,,blue
464553,1856,Olympic Games Athens 2004,,"Athens, Greece",-70,4269,248,248,0,,,1,4269,Annett,BOEHM,GERMANY,F,,0.0,,blue
464554,1856,Olympic Games Athens 2004,,"Athens, Greece",-70,2219,1114,2219,0,,,3,2219,Catherine,ROBERGE,CANADA,F,,165.0,,blue
464555,1856,Olympic Games Athens 2004,,"Athens, Greece",-70,4269,52972,4269,0,,,3,4269,Annett,BOEHM,GERMANY,F,,0.0,,blue
464556,1856,Olympic Games Athens 2004,,"Athens, Greece",-70,4269,2219,4269,0,,,2,4269,Annett,BOEHM,GERMANY,F,,0.0,,blue
464557,1856,Olympic Games Athens 2004,,"Athens, Greece",-70,4246,248,4246,0,,,0,4246,Masae,UENO,JAPAN,F,,0.0,,blue
464558,1856,Olympic Games Athens 2004,,"Athens, Greece",-70,4246,258,4246,0,,,3,4246,Masae,UENO,JAPAN,F,,0.0,,blue
464559,1856,Olympic Games Athens 2004,,"Athens, Greece",-70,323,4246,4246,0,,,2,323,Catherine,JACQUES,BELGIUM,F,,176.0,,blue
464560,1856,Olympic Games Athens 2004,,"Athens, Greece",-70,323,52979,323,0,,,3,323,Catherine,JACQUES,BELGIUM,F,,176.0,,blue
463635,1856,Olympic Games Athens 2004,,"Athens, Greece",-66,13920,6402,6402,0,,,4,6402,Yordanis,ARENCIBIA,CUBA,M,,0.0,,white
463651,1856,Olympic Games Athens 2004,,"Athens, Greece",-66,52796,6402,6402,0,,,3,6402,Yordanis,ARENCIBIA,CUBA,M,,0.0,,white
463652,1856,Olympic Games Athens 2004,,"Athens, Greece",-66,2323,6402,6402,0,,,2,6402,Yordanis,ARENCIBIA,CUBA,M,,0.0,,white
463654,1856,Olympic Games Athens 2004,,"Athens, Greece",-66,2323,240,2323,0,,,3,240,Miklos,UNGVARI,HUNGARY,M,,177.0,,white
463655,1856,Olympic Games Athens 2004,,"Athens, Greece",-66,725,52673,725,0,,,3,52673,Oscar,PENAS,SPAIN,M,,,,white
463656,1856,Olympic Games Athens 2004,,"Athens, Greece",-66,35945,725,725,0,,,2,725,Jozef,KRNAC,SLOVAKIA,M,,0.0,,white
463657,1856,Olympic Games Athens 2004,,"Athens, Greece",-66,52800,35945,35945,0,,,3,35945,Amar,MERIDJA,ALGERIA,M,,150.0,,white
463658,1856,Olympic Games Athens 2004,,"Athens, Greece",-66,85,2648,85,0,,,3,2648,Dashdavaa,GANTUMUR,MONGOLIA,M,,0.0,,white
463659,1856,Olympic Games Athens 2004,,"Athens, Greece",-66,85,52802,85,0,,,2,52802,Magomed,DZHAFAROV,RUSSIAN FEDERATION,M,,,,white
463661,1856,Olympic Games Athens 2004,,"Athens, Greece",-66,52797,52802,52802,0,,,3,52802,Magomed,DZHAFAROV,RUSSIAN FEDERATION,M,,,,white
463662,1856,Olympic Games Athens 2004,,"Athens, Greece",-66,3409,37261,3409,0,,,3,37261,Bektas,DEMIREL,TÜRKIYE,M,,0.0,,white
463663,1856,Olympic Games Athens 2004,,"Athens, Greece",-66,3409,13689,3409,0,,,2,13689,Muratbek,KIPSHAKBAYEV,KAZAKHSTAN,M,,0.0,,white
463664,1856,Olympic Games Athens 2004,,"Athens, Greece",-66,361,13689,13689,0,,,3,13689,Muratbek,KIPSHAKBAYEV,KAZAKHSTAN,M,,0.0,,white
463665,1856,Olympic Games Athens 2004,,"Athens, Greece",-66,725,6402,725,0,,,1,6402,Yordanis,ARENCIBIA,CUBA,M,,0.0,,white
463666,1856,Olympic Games Athens 2004,,"Athens, Greece",-66,3409,85,3409,0,,,1,85,Masato,UCHISHIBA,JAPAN,M,,,,white
463667,1856,Olympic Games Athens 2004,,"Athens, Greece",-66,6402,9929,6402,0,,,0,9929,David,MARGOSHVILI,GEORGIA,M,,170.0,,white
463668,1856,Olympic Games Athens 2004,,"Athens, Greece",-66,85,725,85,0,,,0,725,Jozef,KRNAC,SLOVAKIA,M,,0.0,,white
463669,1856,Olympic Games Athens 2004,,"Athens, Greece",-66,3409,52673,3409,0,,,0,52673,Oscar,PENAS,SPAIN,M,,,,white
463670,1856,Olympic Games Athens 2004,,"Athens, Greece",-66,52796,13920,13920,0,,,3,13920,Ludwing,ORTIZ,ECUADOR,M,,0.0,,white
463671,1856,Olympic Games Athens 2004,,"Athens, Greece",-66,52673,3834,52673,0,,,3,3834,Abdou,ALASSANE DJIBO,NIGER,M,,175.0,,white
463672,1856,Olympic Games Athens 2004,,"Athens, Greece",-66,35945,52673,52673,0,,,2,52673,Oscar,PENAS,SPAIN,M,,,,white
463673,1856,Olympic Games Athens 2004,,"Athens, Greece",-66,2323,13920,2323,0,,,2,13920,Ludwing,ORTIZ,ECUADOR,M,,0.0,,white
463674,1856,Olympic Games Athens 2004,,"Athens, Greece",-66,52673,2323,52673,0,,,1,2323,Joao,PINA,PORTUGAL,M,,172.0,,white
463675,1856,Olympic Games Athens 2004,,"Athens, Greece",-66,2648,52795,52795,0,,,3,52795,Jorge,LENCINA,ARGENTINA,M,,,,white
463676,1856,Olympic Games Athens 2004,,"Athens, Greece",-66,37261,9929,9929,0,,,3,9929,David,MARGOSHVILI,GEORGIA,M,,170.0,,white
463677,1856,Olympic Games Athens 2004,,"Athens, Greece",-66,13689,9929,9929,0,,,2,9929,David,MARGOSHVILI,GEORGIA,M,,170.0,,white
463678,1856,Olympic Games Athens 2004,,"Athens, Greece",-66,52802,52795,52795,0,,,2,52795,Jorge,LENCINA,ARGENTINA,M,,,,white
463679,1856,Olympic Games Athens 2004,,"Athens, Greece",-66,9929,52795,9929,0,,,1,52795,Jorge,LENCINA,ARGENTINA,M,,,,white
464111,1856,Olympic Games Athens 2004,,"Athens, Greece",-73,471,431,431,0,,,5,431,Leandro,GUILHEIRO,BRAZIL,M,,175.0,,white
464120,1856,Olympic Games Athens 2004,,"Athens, Greece",-73,52913,590,590,0,,,5,590,Jimmy,PEDRO,UNITED STATES OF AMERICA,M,,0.0,,white
464140,1856,Olympic Games Athens 2004,,"Athens, Greece",-73,431,15555,15555,0,,,2,15555,Daniel,FERNANDES,FRANCE,M,,0.0,,white
464141,1856,Olympic Games Athens 2004,,"Athens, Greece",-73,857,52917,857,0,,,4,52917,Rubert,MARTINEZ,CUBA,M,,,,white
464142,1856,Olympic Games Athens 2004,,"Athens, Greece",-73,1750,52904,1750,0,,,4,52904,Andrew,COLLETT,AUSTRALIA,M,,,,white
464143,1856,Olympic Games Athens 2004,,"Athens, Greece",-73,431,1750,431,0,,,3,1750,Krzysztof,WILKOMIRSKI,POLAND,M,,175.0,,white
464144,1856,Olympic Games Athens 2004,,"Athens, Greece",-73,17892,431,431,0,,,4,431,Leandro,GUILHEIRO,BRAZIL,M,,175.0,,white
464145,1856,Olympic Games Athens 2004,,"Athens, Greece",-73,388,15555,388,0,,,1,15555,Daniel,FERNANDES,FRANCE,M,,0.0,,white
464146,1856,Olympic Games Athens 2004,,"Athens, Greece",-73,765,2179,765,0,,,4,2179,Masahiro,TAKAMATSU,JAPAN,M,,170.0,,white
464147,1856,Olympic Games Athens 2004,,"Athens, Greece",-73,835,388,388,0,,,4,388,Vitalii,MAKAROV,RUSSIAN FEDERATION,M,,0.0,,white
464148,1856,Olympic Games Athens 2004,,"Athens, Greece",-73,4329,2433,4329,0,,,4,2433,Akbarov,EGAMNAZAR,UZBEKISTAN,M,,0.0,,white
464149,1856,Olympic Games Athens 2004,,"Athens, Greece",-73,52915,4487,52915,0,,,4,4487,Vsevolods,ZELONIJS,LATVIA,M,,175.0,,white
464150,1856,Olympic Games Athens 2004,,"Athens, Greece",-73,52903,590,590,0,,,4,590,Jimmy,PEDRO,UNITED STATES OF AMERICA,M,,0.0,,white
464151,1856,Olympic Games Athens 2004,,"Athens, Greece",-73,428,11643,11643,0,,,4,11643,Won Hee,LEE,REPUBLIC OF KOREA,M,,176.0,,white
464152,1856,Olympic Games Athens 2004,,"Athens, Greece",-73,11176,35757,11176,0,,,4,35757,Akapei,LATU,TONGA,M,,175.0,,white
464154,1856,Olympic Games Athens 2004,,"Athens, Greece",-73,5202,11176,5202,0,,,3,11176,Noureddine,YAGOUBI,ALGERIA,M,,160.0,,white
464155,1856,Olympic Games Athens 2004,,"Athens, Greece",-73,190,2685,2685,0,,,4,2685,Hamed,MALEK MOHAMMADI,ISLAMIC REPUBLIC OF IRAN,M,,179.0,,white
464156,1856,Olympic Games Athens 2004,,"Athens, Greece",-73,52914,2685,52914,0,,,3,2685,Hamed,MALEK MOHAMMADI,ISLAMIC REPUBLIC OF IRAN,M,,179.0,,white
464157,1856,Olympic Games Athens 2004,,"Athens, Greece",-73,52682,52914,52914,0,,,4,52914,Victor,BIVOL,REPUBLIC OF MOLDOVA,M,,,,white
464158,1856,Olympic Games Athens 2004,,"Athens, Greece",-73,31998,182,182,0,,,4,182,Joao,NETO,PORTUGAL,M,,176.0,,white
464159,1856,Olympic Games Athens 2004,,"Athens, Greece",-73,4084,6332,6332,0,,,4,6332,Claudiu,BASTEA,ROMANIA,M,,,,white
464160,1856,Olympic Games Athens 2004,,"Athens, Greece",-73,6332,182,182,0,,,3,182,Joao,NETO,PORTUGAL,M,,176.0,,white
464161,1856,Olympic Games Athens 2004,,"Athens, Greece",-73,182,52914,52914,0,,,2,52914,Victor,BIVOL,REPUBLIC OF MOLDOVA,M,,,,white
464162,1856,Olympic Games Athens 2004,,"Athens, Greece",-73,52914,11643,11643,0,,,1,11643,Won Hee,LEE,REPUBLIC OF KOREA,M,,176.0,,white
464163,1856,Olympic Games Athens 2004,,"Athens, Greece",-73,5202,11643,11643,0,,,2,11643,Won Hee,LEE,REPUBLIC OF KOREA,M,,176.0,,white
464164,1856,Olympic Games Athens 2004,,"Athens, Greece",-73,11643,590,11643,0,,,3,590,Jimmy,PEDRO,UNITED STATES OF AMERICA,M,,0.0,,white
464165,1856,Olympic Games Athens 2004,,"Athens, Greece",-73,11643,388,11643,0,,,0,388,Vitalii,MAKAROV,RUSSIAN FEDERATION,M,,0.0,,white
464166,1856,Olympic Games Athens 2004,,"Athens, Greece",-73,52914,431,431,0,,,0,431,Leandro,GUILHEIRO,BRAZIL,M,,175.0,,white
464167,1856,Olympic Games Athens 2004,,"Athens, Greece",-73,388,765,388,0,,,3,765,David,KEVKHISHVILI,GEORGIA,M,,0.0,,white
464168,1856,Olympic Games Athens 2004,,"Athens, Greece",-73,52915,4329,52915,0,,,3,4329,Bernard,MVONDO ETOGA,CAMEROON,M,,169.0,,white
464169,1856,Olympic Games Athens 2004,,"Athens, Greece",-73,52915,388,388,0,,,2,388,Vitalii,MAKAROV,RUSSIAN FEDERATION,M,,0.0,,white
464170,1856,Olympic Games Athens 2004,,"Athens, Greece",-73,15555,590,590,0,,,0,590,Jimmy,PEDRO,UNITED STATES OF AMERICA,M,,0.0,,white
464172,1856,Olympic Games Athens 2004,,"Athens, Greece",-73,857,17706,857,0,,,3,17706,Jianhua,XIE,PEOPLE'S REPUBLIC OF CHINA,M,,0.0,,white
464173,1856,Olympic Games Athens 2004,,"Athens, Greece",-73,431,857,431,0,,,2,857,Yoel,RAZVOZOV,ISRAEL,M,,175.0,,white
464175,1856,Olympic Games Athens 2004,,"Athens, Greece",-73,765,835,765,0,,,3,835,Lavrentios,ALEXANIDIS,GREECE,M,,173.0,,white
464176,1856,Olympic Games Athens 2004,,"Athens, Greece",-73,52915,765,765,0,,,2,765,David,KEVKHISHVILI,GEORGIA,M,,0.0,,white
464177,1856,Olympic Games Athens 2004,,"Athens, Greece",-73,765,431,431,0,,,1,431,Leandro,GUILHEIRO,BRAZIL,M,,175.0,,white
464179,1856,Olympic Games Athens 2004,,"Athens, Greece",-73,590,428,590,0,,,3,428,Anatoly,LARYUKOV,RUSSIAN FEDERATION,M,,0.0,,white
464180,1856,Olympic Games Athens 2004,,"Athens, Greece",-73,5202,590,590,0,,,2,590,Jimmy,PEDRO,UNITED STATES OF AMERICA,M,,0.0,,white
464181,1856,Olympic Games Athens 2004,,"Athens, Greece",-73,182,590,590,0,,,1,590,Jimmy,PEDRO,UNITED STATES OF AMERICA,M,,0.0,,white
464183,1856,Olympic Games Athens 2004,,"Athens, Greece",-73,2685,52682,2685,0,,,3,52682,Richard,LEON VIZCAYA,VENEZUELA,M,,,,white
464184,1856,Olympic Games Athens 2004,,"Athens, Greece",-73,182,2685,182,0,,,2,2685,Hamed,MALEK MOHAMMADI,ISLAMIC REPUBLIC OF IRAN,M,,179.0,,white
464194,1856,Olympic Games Athens 2004,,"Athens, Greece",-60,31657,4909,4909,0,,,3,4909,Kenji,UEMATSU,SPAIN,M,,0.0,,white
464195,1856,Olympic Games Athens 2004,,"Athens, Greece",-60,38631,4909,4909,0,,,2,4909,Kenji,UEMATSU,SPAIN,M,,0.0,,white
464197,1856,Olympic Games Athens 2004,,"Athens, Greece",-60,414,8827,8827,0,,,3,8827,Jean Claude,CAMEROUN,CAMEROON,M,,160.0,,white
464198,1856,Olympic Games Athens 2004,,"Athens, Greece",-60,52789,8827,52789,0,,,2,8827,Jean Claude,CAMEROUN,CAMEROON,M,,160.0,,white
464200,1856,Olympic Games Athens 2004,,"Athens, Greece",-60,19702,11634,11634,0,,,3,11634,Akram,SHAH,INDIA,M,,0.0,,white
464201,1856,Olympic Games Athens 2004,,"Athens, Greece",-60,58,11634,58,0,,,2,11634,Akram,SHAH,INDIA,M,,0.0,,white
464203,1856,Olympic Games Athens 2004,,"Athens, Greece",-60,52788,5225,52788,0,,,3,5225,Modesto,LARA,DOMINICAN REPUBLIC,M,,0.0,,white
464204,1856,Olympic Games Athens 2004,,"Athens, Greece",-60,580,52788,52788,0,,,2,52788,Oliver,GUSSENBERG,GERMANY,M,,0.0,,white
464215,1856,Olympic Games Athens 2004,,"Athens, Greece",-60,533,19685,19685,0,,,5,19685,Gal,YEKUTIEL,ISRAEL,M,,0.0,,white
464229,1856,Olympic Games Athens 2004,,"Athens, Greece",-60,38631,48816,38631,0,,,4,48816,Younes,AHAMDI,MOROCCO,M,,0.0,,white
464230,1856,Olympic Games Athens 2004,,"Athens, Greece",-60,52791,824,824,0,,,4,824,Anis,LOUNIFI,TUNISIA,M,,0.0,,white
464231,1856,Olympic Games Athens 2004,,"Athens, Greece",-60,4909,767,767,0,,,4,767,Nestor,KHERGIANI,GEORGIA,M,,169.0,,white
464232,1856,Olympic Games Athens 2004,,"Athens, Greece",-60,10390,31657,31657,0,,,4,31657,Bazarbek,DONBAY,KAZAKHSTAN,M,,0.0,,white
464233,1856,Olympic Games Athens 2004,,"Athens, Greece",-60,52787,2835,2835,0,,,4,2835,Craig,FALLON,GREAT BRITAIN,M,,168.0,,white
464234,1856,Olympic Games Athens 2004,,"Athens, Greece",-60,52789,52792,52789,0,,,4,52792,Sanjar,ZOKIROV,UZBEKISTAN,M,,0.0,,white
464235,1856,Olympic Games Athens 2004,,"Athens, Greece",-60,8827,10650,10650,0,,,4,10650,Masoud,HAJI AKHONDZADEH,ISLAMIC REPUBLIC OF IRAN,M,,0.0,,white
464236,1856,Olympic Games Athens 2004,,"Athens, Greece",-60,48007,414,414,0,,,4,414,Armen,NAZARYAN,ARMENIA,M,,168.0,,white
464237,1856,Olympic Games Athens 2004,,"Athens, Greece",-60,11634,192,192,0,,,4,192,Tsagaanbaatar,KHASHBAATAR,MONGOLIA,M,,170.0,,white
464238,1856,Olympic Games Athens 2004,,"Athens, Greece",-60,19702,19685,19702,0,,,4,19685,Gal,YEKUTIEL,ISRAEL,M,,0.0,,white
464239,1856,Olympic Games Athens 2004,,"Athens, Greece",-60,19702,192,192,0,,,3,192,Tsagaanbaatar,KHASHBAATAR,MONGOLIA,M,,170.0,,white
464240,1856,Olympic Games Athens 2004,,"Athens, Greece",-60,2307,52794,2307,0,,,4,52794,Revier David,ALVARENGA,VENEZUELA,M,,,,white
464241,1856,Olympic Games Athens 2004,,"Athens, Greece",-60,218,58,58,0,,,4,58,Min-Ho,CHOI,REPUBLIC OF KOREA,M,,163.0,,white
464242,1856,Olympic Games Athens 2004,,"Athens, Greece",-60,5225,5156,5156,0,,,4,5156,Tadahiro,NOMURA,JAPAN,M,,,,white
464243,1856,Olympic Games Athens 2004,,"Athens, Greece",-60,5527,52788,52788,0,,,4,52788,Oliver,GUSSENBERG,GERMANY,M,,0.0,,white
464244,1856,Olympic Games Athens 2004,,"Athens, Greece",-60,44378,52790,52790,0,,,4,52790,Cristobal Alejandro,ABURTO,MEXICO,M,,,,white
464245,1856,Olympic Games Athens 2004,,"Athens, Greece",-60,580,10471,580,0,,,4,10471,Francis,LABROSSE,SEYCHELLES,M,,169.0,,white
464246,1856,Olympic Games Athens 2004,,"Athens, Greece",-60,580,52790,580,0,,,3,52790,Cristobal Alejandro,ABURTO,MEXICO,M,,,,white
464247,1856,Olympic Games Athens 2004,,"Athens, Greece",-60,580,5156,5156,0,,,2,5156,Tadahiro,NOMURA,JAPAN,M,,,,white
464248,1856,Olympic Games Athens 2004,,"Athens, Greece",-60,52788,5156,5156,0,,,3,5156,Tadahiro,NOMURA,JAPAN,M,,,,white
464249,1856,Olympic Games Athens 2004,,"Athens, Greece",-60,5156,192,5156,0,,,1,192,Tsagaanbaatar,KHASHBAATAR,MONGOLIA,M,,170.0,,white
464250,1856,Olympic Games Athens 2004,,"Athens, Greece",-60,58,2307,58,0,,,3,2307,Benjamin,DARBELET,FRANCE,M,,170.0,,white
464251,1856,Olympic Games Athens 2004,,"Athens, Greece",-60,58,192,192,0,,,2,192,Tsagaanbaatar,KHASHBAATAR,MONGOLIA,M,,170.0,,white
464252,1856,Olympic Games Athens 2004,,"Athens, Greece",-60,5156,767,5156,0,,,0,767,Nestor,KHERGIANI,GEORGIA,M,,169.0,,white
464253,1856,Olympic Games Athens 2004,,"Athens, Greece",-60,192,4909,192,0,,,0,4909,Kenji,UEMATSU,SPAIN,M,,0.0,,white
464254,1856,Olympic Games Athens 2004,,"Athens, Greece",-60,52789,2835,52789,0,,,3,2835,Craig,FALLON,GREAT BRITAIN,M,,168.0,,white
464255,1856,Olympic Games Athens 2004,,"Athens, Greece",-60,414,10650,10650,0,,,3,10650,Masoud,HAJI AKHONDZADEH,ISLAMIC REPUBLIC OF IRAN,M,,0.0,,white
464256,1856,Olympic Games Athens 2004,,"Athens, Greece",-60,10650,52789,10650,0,,,2,52789,Revazi,ZINTIRIDIS,GREECE,M,,,,white
464257,1856,Olympic Games Athens 2004,,"Athens, Greece",-60,10650,767,767,0,,,1,767,Nestor,KHERGIANI,GEORGIA,M,,169.0,,white
464258,1856,Olympic Games Athens 2004,,"Athens, Greece",-60,824,38631,38631,0,,,3,38631,Evgenii,STANEV,RUSSIAN FEDERATION,M,,0.0,,white
464259,1856,Olympic Games Athens 2004,,"Athens, Greece",-60,31657,767,767,0,,,3,767,Nestor,KHERGIANI,GEORGIA,M,,169.0,,white
464260,1856,Olympic Games Athens 2004,,"Athens, Greece",-60,767,38631,767,0,,,2,38631,Evgenii,STANEV,RUSSIAN FEDERATION,M,,0.0,,white
464261,1856,Olympic Games Athens 2004,,"Athens, Greece",-60,10650,58,58,0,,,0,58,Min-Ho,CHOI,REPUBLIC OF KOREA,M,,163.0,,white
464262,1856,Olympic Games Athens 2004,,"Athens, Greece",-60,52789,4909,4909,0,,,1,4909,Kenji,UEMATSU,SPAIN,M,,0.0,,white
464263,1856,Olympic Games Athens 2004,,"Athens, Greece",-60,52788,58,58,0,,,1,58,Min-Ho,CHOI,REPUBLIC OF KOREA,M,,163.0,,white
464264,1856,Olympic Games Athens 2004,,"Athens, Greece",-81,9454,754,754,0,,,4,754,Robert,KRAWCZYK,POLAND,M,,182.0,,white
464265,1856,Olympic Games Athens 2004,,"Athens, Greece",-81,17709,52933,52933,0,,,4,52933,Richard,HAWN,UNITED STATES OF AMERICA,M,,,,white
464266,1856,Olympic Games Athens 2004,,"Athens, Greece",-81,14646,279,14646,0,,,4,279,Guillaume,ELMONT,NETHERLANDS,M,,175.0,,white
464267,1856,Olympic Games Athens 2004,,"Athens, Greece",-81,2479,863,863,0,,,4,863,Siarhei,SHUNDZIKAU,BELARUS,M,,180.0,,white
464268,1856,Olympic Games Athens 2004,,"Athens, Greece",-81,4922,9096,9096,0,,,4,9096,Reza,CHAH KHANDAGH,ISLAMIC REPUBLIC OF IRAN,M,,0.0,,white
464269,1856,Olympic Games Athens 2004,,"Athens, Greece",-81,52931,13049,52931,0,,,4,13049,Adil,BELGAID,MOROCCO,M,,0.0,,white
464270,1856,Olympic Games Athens 2004,,"Athens, Greece",-81,5228,52924,52924,0,,,4,52924,Florian,WANNER,GERMANY,M,,,,white
464271,1856,Olympic Games Athens 2004,,"Athens, Greece",-81,49506,759,759,0,,,4,759,Amar,BENIKHLEF,ALGERIA,M,,186.0,,white
464272,1856,Olympic Games Athens 2004,,"Athens, Greece",-81,224,28642,28642,0,,,4,28642,Gabriel,ARTEAGA RISQUET,ITALY,M,,170.0,,white
464273,1856,Olympic Games Athens 2004,,"Athens, Greece",-81,46942,2260,2260,0,,,4,2260,Young-Woo,KWON,REPUBLIC OF KOREA,M,,176.0,,white
464274,1856,Olympic Games Athens 2004,,"Athens, Greece",-81,836,299,836,0,,,4,299,Morgan,ENDICOTT-DAVIES,AUSTRALIA,M,,180.0,,white
464275,1856,Olympic Games Athens 2004,,"Athens, Greece",-81,12169,10184,12169,0,,,4,10184,Sergei,ASCHWANDEN,SWITZERLAND,M,,0.0,,white
464276,1856,Olympic Games Athens 2004,,"Athens, Greece",-81,52929,11674,52929,0,,,4,11674,Masahiko,TOMOUCHI,JAPAN,M,,0.0,,white
464277,1856,Olympic Games Athens 2004,,"Athens, Greece",-81,6143,4164,4164,0,,,4,4164,Roberto,MELONI,ITALY,M,,180.0,,white
464278,1856,Olympic Games Athens 2004,,"Athens, Greece",-81,2269,2074,2074,0,,,4,2074,Flavio,CANTO,BRAZIL,M,,175.0,,white
464279,1856,Olympic Games Athens 2004,,"Athens, Greece",-81,5935,1093,1093,0,,,4,1093,Aleksei,BUDOLIN,ESTONIA,M,,0.0,,white
464280,1856,Olympic Games Athens 2004,,"Athens, Greece",-81,52933,9454,52933,0,,,3,9454,Mohammed Ali,BEN SALEH,LIBYA,M,,,,white
464281,1856,Olympic Games Athens 2004,,"Athens, Greece",-81,14646,52933,14646,0,,,2,52933,Richard,HAWN,UNITED STATES OF AMERICA,M,,,,white
464282,1856,Olympic Games Athens 2004,,"Athens, Greece",-81,52924,14646,14646,0,,,1,14646,Mehman,AZIZOV,AZERBAIJAN,M,,0.0,,white
464283,1856,Olympic Games Athens 2004,,"Athens, Greece",-81,9096,13049,13049,0,,,3,13049,Adil,BELGAID,MOROCCO,M,,0.0,,white
464284,1856,Olympic Games Athens 2004,,"Athens, Greece",-81,52924,13049,52924,0,,,2,13049,Adil,BELGAID,MOROCCO,M,,0.0,,white
464285,1856,Olympic Games Athens 2004,,"Athens, Greece",-81,52929,14646,52929,0,,,0,14646,Mehman,AZIZOV,AZERBAIJAN,M,,0.0,,white
464286,1856,Olympic Games Athens 2004,,"Athens, Greece",-81,12169,299,299,0,,,3,299,Morgan,ENDICOTT-DAVIES,AUSTRALIA,M,,180.0,,white
464287,1856,Olympic Games Athens 2004,,"Athens, Greece",-81,2260,299,2260,0,,,2,299,Morgan,ENDICOTT-DAVIES,AUSTRALIA,M,,180.0,,white
464288,1856,Olympic Games Athens 2004,,"Athens, Greece",-81,2074,2260,2074,0,,,1,2260,Young-Woo,KWON,REPUBLIC OF KOREA,M,,176.0,,white
464289,1856,Olympic Games Athens 2004,,"Athens, Greece",-81,4164,11674,4164,0,,,3,11674,Masahiko,TOMOUCHI,JAPAN,M,,0.0,,white
464290,1856,Olympic Games Athens 2004,,"Athens, Greece",-81,2074,4164,2074,0,,,2,4164,Roberto,MELONI,ITALY,M,,180.0,,white
464291,1856,Olympic Games Athens 2004,,"Athens, Greece",-81,754,2074,2074,0,,,0,2074,Flavio,CANTO,BRAZIL,M,,175.0,,white
464292,1856,Olympic Games Athens 2004,,"Athens, Greece",-81,52933,754,754,0,,,3,754,Robert,KRAWCZYK,POLAND,M,,182.0,,white
464293,1856,Olympic Games Athens 2004,,"Athens, Greece",-81,863,14646,14646,0,,,3,14646,Mehman,AZIZOV,AZERBAIJAN,M,,0.0,,white
464294,1856,Olympic Games Athens 2004,,"Athens, Greece",-81,14646,754,754,0,,,2,754,Robert,KRAWCZYK,POLAND,M,,182.0,,white
464295,1856,Olympic Games Athens 2004,,"Athens, Greece",-81,52931,754,52931,0,,,1,754,Robert,KRAWCZYK,POLAND,M,,182.0,,white
464296,1856,Olympic Games Athens 2004,,"Athens, Greece",-81,52931,9096,52931,0,,,3,9096,Reza,CHAH KHANDAGH,ISLAMIC REPUBLIC OF IRAN,M,,0.0,,white
464297,1856,Olympic Games Athens 2004,,"Athens, Greece",-81,759,52924,52924,0,,,3,52924,Florian,WANNER,GERMANY,M,,,,white
464298,1856,Olympic Games Athens 2004,,"Athens, Greece",-81,52924,52931,52931,0,,,2,52931,Roman,GONTYUK,UKRAINE,M,,,,white
464299,1856,Olympic Games Athens 2004,,"Athens, Greece",-81,836,52931,836,0,,,0,52931,Roman,GONTYUK,UKRAINE,M,,,,white
464300,1856,Olympic Games Athens 2004,,"Athens, Greece",-81,2260,28642,2260,0,,,3,28642,Gabriel,ARTEAGA RISQUET,ITALY,M,,170.0,,white
464301,1856,Olympic Games Athens 2004,,"Athens, Greece",-81,12169,836,836,0,,,3,836,Ilias,ILIADIS,GREECE,M,,180.0,,white
464302,1856,Olympic Games Athens 2004,,"Athens, Greece",-81,836,2260,836,0,,,2,2260,Young-Woo,KWON,REPUBLIC OF KOREA,M,,176.0,,white
464304,1856,Olympic Games Athens 2004,,"Athens, Greece",-81,4164,52929,52929,0,,,3,52929,Dmitri,NOSSOV,RUSSIAN FEDERATION,M,,0.0,,white
464305,1856,Olympic Games Athens 2004,,"Athens, Greece",-81,2074,52929,52929,0,,,2,52929,Dmitri,NOSSOV,RUSSIAN FEDERATION,M,,0.0,,white
464306,1856,Olympic Games Athens 2004,,"Athens, Greece",-81,1093,2074,2074,0,,,3,2074,Flavio,CANTO,BRAZIL,M,,175.0,,white
464307,1856,Olympic Games Athens 2004,,"Athens, Greece",-90,52937,5324,5324,0,,,4,5324,Carlos,HONORATO,BRAZIL,M,,,,white
464309,1856,Olympic Games Athens 2004,,"Athens, Greece",-90,22015,1045,22015,0,,,4,1045,Daniel,KELLY,AUSTRALIA,M,,185.0,,white
464310,1856,Olympic Games Athens 2004,,"Athens, Greece",-90,40787,1229,40787,0,,,4,1229,Antoni,BESOLI CERVELLERA,ANDORRA,M,,0.0,,white
464311,1856,Olympic Games Athens 2004,,"Athens, Greece",-90,52695,52951,52695,0,,,4,52951,Jose,GOLDSCHMIED,MEXICO,M,,,,white
464312,1856,Olympic Games Athens 2004,,"Athens, Greece",-90,52688,52939,52688,0,,,4,52939,Gabriel Eduardo,LAMA VALENZUELA,CHILE,M,,0.0,,white
464313,1856,Olympic Games Athens 2004,,"Athens, Greece",-90,52949,4162,4162,0,,,4,4162,Zurab,ZVIADAURI,GEORGIA,M,,180.0,,white
464314,1856,Olympic Games Athens 2004,,"Athens, Greece",-90,2638,1955,1955,0,,,4,1955,Khasanbi,TAOV,RUSSIAN FEDERATION,M,,0.0,,white
464315,1856,Olympic Games Athens 2004,,"Athens, Greece",-90,466,671,671,0,,,4,671,Valentyn,GREKOV,UKRAINE,M,,180.0,,white
464316,1856,Olympic Games Athens 2004,,"Athens, Greece",-90,53011,4494,53011,0,,,4,4494,Jose,CAMACHO,VENEZUELA,M,,163.0,,white
464317,1856,Olympic Games Athens 2004,,"Athens, Greece",-90,52687,18392,52687,0,,,4,18392,Siarhei,KUKHARENKA,BELARUS,M,,0.0,,white
464318,1856,Olympic Games Athens 2004,,"Athens, Greece",-90,7887,837,837,0,,,4,837,Dionysios,ILIADIS,GREECE,M,,180.0,,white
464319,1856,Olympic Games Athens 2004,,"Athens, Greece",-90,752,1980,1980,0,,,4,1980,Hee-Tae,HWANG,REPUBLIC OF KOREA,M,,180.0,,white
464320,1856,Olympic Games Athens 2004,,"Athens, Greece",-90,3395,52946,3395,0,,,4,52946,Gerhard,DEMPF,GERMANY,M,,,,white
464321,1856,Olympic Games Athens 2004,,"Athens, Greece",-90,52692,53010,52692,0,,,4,53010,Abbas,FALLAH,ISLAMIC REPUBLIC OF IRAN,M,,0.0,,white
464322,1856,Olympic Games Athens 2004,,"Athens, Greece",-90,52941,889,889,0,,,4,889,Hesham,MESBAH,EGYPT,M,,182.0,,white
464324,1856,Olympic Games Athens 2004,,"Athens, Greece",-90,22015,5324,22015,0,,,2,5324,Carlos,HONORATO,BRAZIL,M,,,,white
464325,1856,Olympic Games Athens 2004,,"Athens, Greece",-90,40787,22015,22015,0,,,3,22015,Winston,GORDON,GERMANY,M,,0.0,,white
464326,1856,Olympic Games Athens 2004,,"Athens, Greece",-90,4162,22015,4162,0,,,1,22015,Winston,GORDON,GERMANY,M,,0.0,,white
464327,1856,Olympic Games Athens 2004,,"Athens, Greece",-90,52688,52695,52695,0,,,3,52695,Frederic,DEMONTFAUCON,FRANCE,M,,,,white
464328,1856,Olympic Games Athens 2004,,"Athens, Greece",-90,4162,52695,4162,0,,,2,52695,Frederic,DEMONTFAUCON,FRANCE,M,,,,white
464329,1856,Olympic Games Athens 2004,,"Athens, Greece",-90,1955,4162,4162,0,,,3,4162,Zurab,ZVIADAURI,GEORGIA,M,,180.0,,white
464330,1856,Olympic Games Athens 2004,,"Athens, Greece",-90,22015,3395,3395,0,,,0,3395,Mark,HUIZINGA,NETHERLANDS,M,,190.0,,white
464331,1856,Olympic Games Athens 2004,,"Athens, Greece",-90,52687,4162,4162,0,,,0,4162,Zurab,ZVIADAURI,GEORGIA,M,,180.0,,white
464332,1856,Olympic Games Athens 2004,,"Athens, Greece",-90,53011,671,53011,0,,,3,671,Valentyn,GREKOV,UKRAINE,M,,180.0,,white
464333,1856,Olympic Games Athens 2004,,"Athens, Greece",-90,52687,53011,52687,0,,,2,53011,Eduardo,COSTA,ARGENTINA,M,,,,white
464334,1856,Olympic Games Athens 2004,,"Athens, Greece",-90,837,52687,52687,0,,,3,52687,Hiroshi,IZUMI,JAPAN,M,,,,white
464335,1856,Olympic Games Athens 2004,,"Athens, Greece",-90,1980,52687,52687,0,,,1,52687,Hiroshi,IZUMI,JAPAN,M,,,,white
464336,1856,Olympic Games Athens 2004,,"Athens, Greece",-90,3395,1980,1980,0,,,3,1980,Hee-Tae,HWANG,REPUBLIC OF KOREA,M,,180.0,,white
464337,1856,Olympic Games Athens 2004,,"Athens, Greece",-90,52692,1980,1980,0,,,2,1980,Hee-Tae,HWANG,REPUBLIC OF KOREA,M,,180.0,,white
464338,1856,Olympic Games Athens 2004,,"Athens, Greece",-90,889,52692,52692,0,,,3,52692,Keith Laurence,MORGAN,CANADA,M,,,,white
464339,1856,Olympic Games Athens 2004,,"Athens, Greece",-90,1980,1955,1955,0,,,0,1955,Khasanbi,TAOV,RUSSIAN FEDERATION,M,,0.0,,white
464340,1856,Olympic Games Athens 2004,,"Athens, Greece",-90,40787,1045,1045,0,,,3,1045,Daniel,KELLY,AUSTRALIA,M,,185.0,,white
464341,1856,Olympic Games Athens 2004,,"Athens, Greece",-90,5324,1045,1045,0,,,2,1045,Daniel,KELLY,AUSTRALIA,M,,185.0,,white
464342,1856,Olympic Games Athens 2004,,"Athens, Greece",-90,1955,52949,1955,0,,,3,52949,Francesco,LEPRE,ITALY,M,,,,white
464343,1856,Olympic Games Athens 2004,,"Athens, Greece",-90,52695,1955,1955,0,,,2,1955,Khasanbi,TAOV,RUSSIAN FEDERATION,M,,0.0,,white
464344,1856,Olympic Games Athens 2004,,"Athens, Greece",-90,837,18392,18392,0,,,3,18392,Siarhei,KUKHARENKA,BELARUS,M,,0.0,,white
464345,1856,Olympic Games Athens 2004,,"Athens, Greece",-90,53011,18392,53011,0,,,2,18392,Siarhei,KUKHARENKA,BELARUS,M,,0.0,,white
464346,1856,Olympic Games Athens 2004,,"Athens, Greece",-90,3395,752,3395,0,,,3,752,Przemyslaw,MATYJASZEK,POLAND,M,,186.0,,white
464347,1856,Olympic Games Athens 2004,,"Athens, Greece",-90,52692,3395,3395,0,,,2,3395,Mark,HUIZINGA,NETHERLANDS,M,,190.0,,white
464348,1856,Olympic Games Athens 2004,,"Athens, Greece",-90,1955,1045,1955,0,,,1,1045,Daniel,KELLY,AUSTRALIA,M,,185.0,,white
464349,1856,Olympic Games Athens 2004,,"Athens, Greece",-90,3395,53011,3395,0,,,1,53011,Eduardo,COSTA,ARGENTINA,M,,,,white
464350,1856,Olympic Games Athens 2004,,"Athens, Greece",-48,12696,52706,12696,0,,,4,52706,Hanatou,OUELOGO K,BURKINA FASO,F,,,,white
464352,1856,Olympic Games Athens 2004,,"Athens, Greece",-48,52927,43010,52927,0,,,4,43010,Lisset Johana,OROZCO,COLOMBIA,F,,0.0,,white
464354,1856,Olympic Games Athens 2004,,"Athens, Greece",-48,15618,52921,15618,0,,,4,52921,Bertille,ALI,CENTRAL AFRICAN REPUBLIC,F,,,,white
464358,1856,Olympic Games Athens 2004,,"Athens, Greece",-48,52923,2427,52923,0,,,4,2427,Daniela,POLZIN,BRAZIL,F,,155.0,,white
464361,1856,Olympic Games Athens 2004,,"Athens, Greece",-48,2147,410,410,0,,,4,410,Frederique,JOSSINET,FRANCE,F,,160.0,,white
464364,1856,Olympic Games Athens 2004,,"Athens, Greece",-48,52930,52932,52932,0,,,4,52932,Nese,SENSOY,TÜRKIYE,F,,,,white
464367,1856,Olympic Games Athens 2004,,"Athens, Greece",-48,52928,52927,52928,0,,,2,52927,Tatyana,SHISHKINA,KAZAKHSTAN,F,,,,white
464368,1856,Olympic Games Athens 2004,,"Athens, Greece",-48,7023,52928,7023,0,,,1,52928,Anna,ZEMLA-KRAJEWSKA,POLAND,F,,,,white
464370,1856,Olympic Games Athens 2004,,"Athens, Greece",-48,15618,7023,7023,0,,,2,7023,Maria,KARAGIANNOPOULOU,GREECE,F,,160.0,,white
464371,1856,Olympic Games Athens 2004,,"Athens, Greece",-48,52926,7023,52926,0,,,0,7023,Maria,KARAGIANNOPOULOU,GREECE,F,,160.0,,white
464372,1856,Olympic Games Athens 2004,,"Athens, Greece",-48,52918,2147,52918,0,,,3,2147,Sonya,CHERVONSKY,AUSTRALIA,F,,160.0,,white
464373,1856,Olympic Games Athens 2004,,"Athens, Greece",-48,52923,52918,52923,0,,,2,52918,Tatiana,MOSKVINA,BELARUS,F,,,,white
464374,1856,Olympic Games Athens 2004,,"Athens, Greece",-48,6390,52923,52923,0,,,1,52923,Feng,GAO,PEOPLE'S REPUBLIC OF CHINA,F,,,,white
464376,1856,Olympic Games Athens 2004,,"Athens, Greece",-48,6390,52922,6390,0,,,2,52922,Carolyne,LEPAGE,CANADA,F,,,,white
464377,1856,Olympic Games Athens 2004,,"Athens, Greece",-48,383,52923,52923,0,,,0,52923,Feng,GAO,PEOPLE'S REPUBLIC OF CHINA,F,,,,white
464378,1856,Olympic Games Athens 2004,,"Athens, Greece",-48,52928,12696,52928,0,,,3,12696,Liubov,BRULETOVA,RUSSIAN FEDERATION,F,,0.0,,white
464379,1856,Olympic Games Athens 2004,,"Athens, Greece",-48,383,52928,383,0,,,2,52928,Anna,ZEMLA-KRAJEWSKA,POLAND,F,,,,white
464380,1856,Olympic Games Athens 2004,,"Athens, Greece",-48,383,52927,383,0,,,3,52927,Tatyana,SHISHKINA,KAZAKHSTAN,F,,,,white
464381,1856,Olympic Games Athens 2004,,"Athens, Greece",-48,52630,383,52630,0,,,1,383,Alina,DUMITRU,ROMANIA,F,,158.0,,white
464382,1856,Olympic Games Athens 2004,,"Athens, Greece",-48,52934,15618,15618,0,,,3,15618,Soraya,HADDAD,ALGERIA,F,,0.0,,white
464383,1856,Olympic Games Athens 2004,,"Athens, Greece",-48,52630,15618,52630,0,,,2,15618,Soraya,HADDAD,ALGERIA,F,,0.0,,white
464384,1856,Olympic Games Athens 2004,,"Athens, Greece",-48,7023,52630,52630,0,,,3,52630,Ryoko,TANI,JAPAN,F,,0.0,,white
464385,1856,Olympic Games Athens 2004,,"Athens, Greece",-48,52935,52923,52923,0,,,3,52923,Feng,GAO,PEOPLE'S REPUBLIC OF CHINA,F,,,,white
464386,1856,Olympic Games Athens 2004,,"Athens, Greece",-48,410,52923,410,0,,,2,52923,Feng,GAO,PEOPLE'S REPUBLIC OF CHINA,F,,,,white
464387,1856,Olympic Games Athens 2004,,"Athens, Greece",-48,410,52918,410,0,,,3,52918,Tatiana,MOSKVINA,BELARUS,F,,,,white
464388,1856,Olympic Games Athens 2004,,"Athens, Greece",-48,52926,410,410,0,,,1,410,Frederique,JOSSINET,FRANCE,F,,160.0,,white
464389,1856,Olympic Games Athens 2004,,"Athens, Greece",-48,52922,52926,52926,0,,,3,52926,Julia,MATIJASS,GERMANY,F,,,,white
464390,1856,Olympic Games Athens 2004,,"Athens, Greece",-48,6390,52926,52926,0,,,2,52926,Julia,MATIJASS,GERMANY,F,,,,white
464391,1856,Olympic Games Athens 2004,,"Athens, Greece",-48,6390,52932,6390,0,,,3,52932,Nese,SENSOY,TÜRKIYE,F,,,,white
464392,1856,Olympic Games Athens 2004,,"Athens, Greece",-48,410,52630,52630,0,,,0,52630,Ryoko,TANI,JAPAN,F,,0.0,,white
464394,1856,Olympic Games Athens 2004,,"Athens, Greece",-52,172,52942,172,0,,,4,52942,M Mah,SOUMAH,GUINEA,F,,,,white
464396,1856,Olympic Games Athens 2004,,"Athens, Greece",-52,52947,52944,52947,0,,,4,52944,Rochelle,STORMONT,NEW ZEALAND,F,,,,white
464397,1856,Olympic Games Athens 2004,,"Athens, Greece",-52,52952,52940,52940,0,,,4,52940,Raffaella,IMBRIANI,GERMANY,F,,,,white
464399,1856,Olympic Games Athens 2004,,"Athens, Greece",-52,266,771,771,0,,,4,771,Salima,SOUAKRI,ALGERIA,F,,0.0,,white
464401,1856,Olympic Games Athens 2004,,"Athens, Greece",-52,52945,2327,2327,0,,,4,2327,Yuki,YOKOSAWA,JAPAN,F,,,,white
464402,1856,Olympic Games Athens 2004,,"Athens, Greece",-52,52938,6534,52938,0,,,4,6534,Fabiane Mayumi,HUKUDA STRUBREITER,AUSTRIA,F,,,,white
464404,1856,Olympic Games Athens 2004,,"Athens, Greece",-52,6008,48040,48040,0,,,4,48040,Amarilis,SAVON CARMENATE,UNITED STATES OF AMERICA,F,,0.0,,white
464407,1856,Olympic Games Athens 2004,,"Athens, Greece",-52,325,52943,325,0,,,4,52943,Naina Cecilia,RAVAOARISOA,MADAGASCAR,F,,,,white
464410,1856,Olympic Games Athens 2004,,"Athens, Greece",-52,172,52947,52947,0,,,2,52947,Ioana Maria,ALUAS,ROMANIA,F,,,,white
464412,1856,Olympic Games Athens 2004,,"Athens, Greece",-52,52940,771,771,0,,,2,771,Salima,SOUAKRI,ALGERIA,F,,0.0,,white
464413,1856,Olympic Games Athens 2004,,"Athens, Greece",-52,6908,52945,52945,0,,,3,52945,Sang Sim,RI,DEMOCRATIC PEOPLE'S REPUBLIC OF KOREA,F,,,,white
464414,1856,Olympic Games Athens 2004,,"Athens, Greece",-52,52938,52945,52938,0,,,2,52945,Sang Sim,RI,DEMOCRATIC PEOPLE'S REPUBLIC OF KOREA,F,,,,white
464415,1856,Olympic Games Athens 2004,,"Athens, Greece",-52,4125,6008,6008,0,,,3,6008,Sanna,ASKELOF,SWEDEN,F,,156.0,,white
464416,1856,Olympic Games Athens 2004,,"Athens, Greece",-52,325,6008,325,0,,,2,6008,Sanna,ASKELOF,SWEDEN,F,,156.0,,white
464417,1856,Olympic Games Athens 2004,,"Athens, Greece",-52,325,52938,325,0,,,1,52938,Georgina,SINGLETON,GREAT BRITAIN,F,,,,white
464418,1856,Olympic Games Athens 2004,,"Athens, Greece",-52,15240,325,325,0,,,0,325,Ilse,HEYLEN,BELGIUM,F,,162.0,,white
464419,1856,Olympic Games Athens 2004,,"Athens, Greece",-52,771,52947,771,0,,,1,52947,Ioana Maria,ALUAS,ROMANIA,F,,,,white
464420,1856,Olympic Games Athens 2004,,"Athens, Greece",-52,48040,771,48040,0,,,0,771,Salima,SOUAKRI,ALGERIA,F,,0.0,,white
464421,1856,Olympic Games Athens 2004,,"Athens, Greece",-52,172,19087,172,0,,,3,19087,Michal,FEINBLAT,ISRAEL,F,,0.0,,white
464422,1856,Olympic Games Athens 2004,,"Athens, Greece",-52,15240,172,15240,0,,,2,172,Telma,MONTEIRO,PORTUGAL,F,,160.0,,white
464423,1856,Olympic Games Athens 2004,,"Athens, Greece",-52,52947,15240,15240,0,,,3,15240,Annabelle,EURANIE,FRANCE,F,,170.0,,white
464424,1856,Olympic Games Athens 2004,,"Athens, Greece",-52,14900,15240,14900,0,,,1,15240,Annabelle,EURANIE,FRANCE,F,,170.0,,white
464425,1856,Olympic Games Athens 2004,,"Athens, Greece",-52,49477,52940,52940,0,,,3,52940,Raffaella,IMBRIANI,GERMANY,F,,,,white
464426,1856,Olympic Games Athens 2004,,"Athens, Greece",-52,14900,52940,14900,0,,,2,52940,Raffaella,IMBRIANI,GERMANY,F,,,,white
464427,1856,Olympic Games Athens 2004,,"Athens, Greece",-52,14900,771,14900,0,,,3,771,Salima,SOUAKRI,ALGERIA,F,,0.0,,white
464428,1856,Olympic Games Athens 2004,,"Athens, Greece",-52,2327,14900,14900,0,,,0,14900,Dongmei,XIAN,PEOPLE'S REPUBLIC OF CHINA,F,,0.0,,white
464429,1856,Olympic Games Athens 2004,,"Athens, Greece",-52,6908,2327,2327,0,,,3,2327,Yuki,YOKOSAWA,JAPAN,F,,,,white
464430,1856,Olympic Games Athens 2004,,"Athens, Greece",-52,52938,2327,2327,0,,,2,2327,Yuki,YOKOSAWA,JAPAN,F,,,,white
464431,1856,Olympic Games Athens 2004,,"Athens, Greece",-52,6766,52938,52938,0,,,3,52938,Georgina,SINGLETON,GREAT BRITAIN,F,,,,white
464432,1856,Olympic Games Athens 2004,,"Athens, Greece",-52,48040,2327,2327,0,,,1,2327,Yuki,YOKOSAWA,JAPAN,F,,,,white
464433,1856,Olympic Games Athens 2004,,"Athens, Greece",-52,4125,48040,48040,0,,,3,48040,Amarilis,SAVON CARMENATE,UNITED STATES OF AMERICA,F,,0.0,,white
464434,1856,Olympic Games Athens 2004,,"Athens, Greece",-52,325,48040,48040,0,,,2,48040,Amarilis,SAVON CARMENATE,UNITED STATES OF AMERICA,F,,0.0,,white
464435,1856,Olympic Games Athens 2004,,"Athens, Greece",-52,325,12608,325,0,,,3,12608,Sholpan,KALIYEVA,KAZAKHSTAN,F,,0.0,,white
464437,1856,Olympic Games Athens 2004,,"Athens, Greece",-57,24662,15909,24662,0,,,4,15909,Maria,PEKLI,AUSTRALIA,F,,0.0,,white
464441,1856,Olympic Games Athens 2004,,"Athens, Greece",-57,52953,2870,2870,0,,,4,2870,Sophie,COX,GREAT BRITAIN,F,,155.0,,white
464443,1856,Olympic Games Athens 2004,,"Athens, Greece",-57,7270,7991,7991,0,,,4,7991,Sun Hui,KYE,DEMOCRATIC PEOPLE'S REPUBLIC OF KOREA,F,,0.0,,white
464445,1856,Olympic Games Athens 2004,,"Athens, Greece",-57,36426,26593,26593,0,,,4,26593,Deborah,GRAVENSTIJN,NETHERLANDS,F,,0.0,,white
464446,1856,Olympic Games Athens 2004,,"Athens, Greece",-57,3937,756,3937,0,,,4,756,Lila,LATROUS,ALGERIA,F,,170.0,,white
464448,1856,Olympic Games Athens 2004,,"Athens, Greece",-57,7515,52955,52955,0,,,4,52955,Kie,KUSAKABE,JAPAN,F,,,,white
464451,1856,Olympic Games Athens 2004,,"Athens, Greece",-57,3328,695,695,0,,,4,695,Yvonne,BOENISCH,GERMANY,F,,168.0,,white
464453,1856,Olympic Games Athens 2004,,"Athens, Greece",-57,24662,1739,1739,0,,,2,1739,Barbara,HAREL,FRANCE,F,,160.0,,white
464454,1856,Olympic Games Athens 2004,,"Athens, Greece",-57,52956,7270,52956,0,,,3,7270,Marcon,BEZZINA,MALTA,F,,163.0,,white
464455,1856,Olympic Games Athens 2004,,"Athens, Greece",-57,2870,52956,52956,0,,,2,52956,Natalia,YUKHAREVA,RUSSIAN FEDERATION,F,,,,white
464456,1856,Olympic Games Athens 2004,,"Athens, Greece",-57,52956,1739,1739,0,,,1,1739,Barbara,HAREL,FRANCE,F,,160.0,,white
464457,1856,Olympic Games Athens 2004,,"Athens, Greece",-57,26593,1739,26593,0,,,0,1739,Barbara,HAREL,FRANCE,F,,160.0,,white
464458,1856,Olympic Games Athens 2004,,"Athens, Greece",-57,52957,36426,36426,0,,,3,36426,Cinzia,CAVAZZUTI,ITALY,F,,0.0,,white
464459,1856,Olympic Games Athens 2004,,"Athens, Greece",-57,13963,36426,36426,0,,,2,36426,Cinzia,CAVAZZUTI,ITALY,F,,0.0,,white
464460,1856,Olympic Games Athens 2004,,"Athens, Greece",-57,3328,36426,3328,0,,,1,36426,Cinzia,CAVAZZUTI,ITALY,F,,0.0,,white
464461,1856,Olympic Games Athens 2004,,"Athens, Greece",-57,958,3328,3328,0,,,3,3328,Isabel,FERNANDEZ,SPAIN,F,,162.0,,white
464462,1856,Olympic Games Athens 2004,,"Athens, Greece",-57,52955,3328,3328,0,,,2,3328,Isabel,FERNANDEZ,SPAIN,F,,162.0,,white
464463,1856,Olympic Games Athens 2004,,"Athens, Greece",-57,954,3328,954,0,,,0,3328,Isabel,FERNANDEZ,SPAIN,F,,162.0,,white
464464,1856,Olympic Games Athens 2004,,"Athens, Greece",-57,24662,41223,24662,0,,,3,41223,Catherine Ewa,EKUTA,NIGERIA,F,,0.0,,white
464465,1856,Olympic Games Athens 2004,,"Athens, Greece",-57,954,24662,954,0,,,2,24662,Lena,GOELDI,GERMANY,F,,0.0,,white
464466,1856,Olympic Games Athens 2004,,"Athens, Greece",-57,954,1739,954,0,,,3,1739,Barbara,HAREL,FRANCE,F,,160.0,,white
464467,1856,Olympic Games Athens 2004,,"Athens, Greece",-57,7991,954,7991,0,,,1,954,Yurileidys,LUPETEY COBAS,CUBA,F,,165.0,,white
464468,1856,Olympic Games Athens 2004,,"Athens, Greece",-57,2870,840,2870,0,,,3,840,Ioulietta,BOUKOUVALA,GREECE,F,,170.0,,white
464469,1856,Olympic Games Athens 2004,,"Athens, Greece",-57,7991,2870,7991,0,,,2,2870,Sophie,COX,GREAT BRITAIN,F,,155.0,,white
464470,1856,Olympic Games Athens 2004,,"Athens, Greece",-57,7991,52956,7991,0,,,3,52956,Natalia,YUKHAREVA,RUSSIAN FEDERATION,F,,,,white
464471,1856,Olympic Games Athens 2004,,"Athens, Greece",-57,26593,52957,26593,0,,,3,52957,Ellen,WILSON,UNITED STATES OF AMERICA,F,,,,white
464472,1856,Olympic Games Athens 2004,,"Athens, Greece",-57,13963,26593,26593,0,,,2,26593,Deborah,GRAVENSTIJN,NETHERLANDS,F,,0.0,,white
464473,1856,Olympic Games Athens 2004,,"Athens, Greece",-57,13963,3937,13963,0,,,3,3937,Yuxiang,LIU,PEOPLE'S REPUBLIC OF CHINA,F,,0.0,,white
464474,1856,Olympic Games Athens 2004,,"Athens, Greece",-57,695,26593,695,0,,,1,26593,Deborah,GRAVENSTIJN,NETHERLANDS,F,,0.0,,white
464475,1856,Olympic Games Athens 2004,,"Athens, Greece",-57,695,7991,695,0,,,0,7991,Sun Hui,KYE,DEMOCRATIC PEOPLE'S REPUBLIC OF KOREA,F,,0.0,,white
464476,1856,Olympic Games Athens 2004,,"Athens, Greece",-57,4483,52955,52955,0,,,3,52955,Kie,KUSAKABE,JAPAN,F,,,,white
464477,1856,Olympic Games Athens 2004,,"Athens, Greece",-57,695,52955,695,0,,,2,52955,Kie,KUSAKABE,JAPAN,F,,,,white
464478,1856,Olympic Games Athens 2004,,"Athens, Greece",-57,695,958,695,0,,,3,958,Jessica,GARCIA,PUERTO RICO,F,,165.0,,white
464480,1856,Olympic Games Athens 2004,,"Athens, Greece",-63,6358,52966,6358,0,,,4,52966,Saida,DHAHRI,TUNISIA,F,,,,white
464481,1856,Olympic Games Athens 2004,,"Athens, Greece",-63,133,52716,133,0,,,4,52716,Anna,VON HARNIER,GERMANY,F,,,,white
464485,1856,Olympic Games Athens 2004,,"Athens, Greece",-63,52963,419,419,0,,,4,419,Lucie,DECOSSE,FRANCE,F,,168.0,,white
464487,1856,Olympic Games Athens 2004,,"Athens, Greece",-63,52965,34409,52965,0,,,4,34409,Ylenia,SCAPIN,ITALY,F,,0.0,,white
464489,1856,Olympic Games Athens 2004,,"Athens, Greece",-63,2589,401,401,0,,,4,401,Claudia,HEILL,AUSTRIA,F,,,,white
464493,1856,Olympic Games Athens 2004,,"Athens, Greece",-63,52960,26324,26324,0,,,4,26324,Gella,VANDECAVEYE,BELGIUM,F,,0.0,,white
464495,1856,Olympic Games Athens 2004,,"Athens, Greece",-63,52962,52966,52966,0,,,3,52966,Saida,DHAHRI,TUNISIA,F,,,,white
464496,1856,Olympic Games Athens 2004,,"Athens, Greece",-63,133,52966,133,0,,,2,52966,Saida,DHAHRI,TUNISIA,F,,,,white
464497,1856,Olympic Games Athens 2004,,"Athens, Greece",-63,419,133,133,0,,,1,133,Marie-Helene,CHISHOLM,CANADA,F,,0.0,,white
464499,1856,Olympic Games Athens 2004,,"Athens, Greece",-63,419,52964,419,0,,,2,52964,Bok Hee,LEE,REPUBLIC OF KOREA,F,,,,white
464500,1856,Olympic Games Athens 2004,,"Athens, Greece",-63,268,133,268,0,,,0,133,Marie-Helene,CHISHOLM,CANADA,F,,0.0,,white
464501,1856,Olympic Games Athens 2004,,"Athens, Greece",-63,106,2589,2589,0,,,3,2589,Ronda,ROUSEY,UNITED STATES OF AMERICA,F,,,,white
464502,1856,Olympic Games Athens 2004,,"Athens, Greece",-63,52965,2589,52965,0,,,2,2589,Ronda,ROUSEY,UNITED STATES OF AMERICA,F,,,,white
464504,1856,Olympic Games Athens 2004,,"Athens, Greece",-63,26324,16149,16149,0,,,2,16149,Driulis,GONZALEZ,CUBA,F,,0.0,,white
464505,1856,Olympic Games Athens 2004,,"Athens, Greece",-63,16149,52965,16149,0,,,1,52965,Ok Song,HONG,DEMOCRATIC PEOPLE'S REPUBLIC OF KOREA,F,,,,white
464506,1856,Olympic Games Athens 2004,,"Athens, Greece",-63,2670,16149,16149,0,,,0,16149,Driulis,GONZALEZ,CUBA,F,,0.0,,white
464507,1856,Olympic Games Athens 2004,,"Athens, Greece",-63,6358,52962,6358,0,,,3,52962,Diana,MAZA,ECUADOR,F,,,,white
464508,1856,Olympic Games Athens 2004,,"Athens, Greece",-63,52961,133,133,0,,,3,133,Marie-Helene,CHISHOLM,CANADA,F,,0.0,,white
464509,1856,Olympic Games Athens 2004,,"Athens, Greece",-63,133,6358,6358,0,,,2,6358,Ayumi,TANIMOTO,JAPAN,F,,0.0,,white
464510,1856,Olympic Games Athens 2004,,"Athens, Greece",-63,2670,6358,6358,0,,,1,6358,Ayumi,TANIMOTO,JAPAN,F,,0.0,,white
464511,1856,Olympic Games Athens 2004,,"Athens, Greece",-63,52964,2670,2670,0,,,3,2670,Daniela Yael,KRUKOWER,ARGENTINA,F,,0.0,,white
464512,1856,Olympic Games Athens 2004,,"Athens, Greece",-63,419,2670,2670,0,,,2,2670,Daniela Yael,KRUKOWER,ARGENTINA,F,,0.0,,white
464513,1856,Olympic Games Athens 2004,,"Athens, Greece",-63,52958,419,419,0,,,3,419,Lucie,DECOSSE,FRANCE,F,,168.0,,white
464514,1856,Olympic Games Athens 2004,,"Athens, Greece",-63,4470,52965,52965,0,,,3,52965,Ok Song,HONG,DEMOCRATIC PEOPLE'S REPUBLIC OF KOREA,F,,,,white
464515,1856,Olympic Games Athens 2004,,"Athens, Greece",-63,401,52965,401,0,,,2,52965,Ok Song,HONG,DEMOCRATIC PEOPLE'S REPUBLIC OF KOREA,F,,,,white
464516,1856,Olympic Games Athens 2004,,"Athens, Greece",-63,106,401,401,0,,,3,401,Claudia,HEILL,AUSTRIA,F,,,,white
464517,1856,Olympic Games Athens 2004,,"Athens, Greece",-63,268,401,401,0,,,1,401,Claudia,HEILL,AUSTRIA,F,,,,white
464518,1856,Olympic Games Athens 2004,,"Athens, Greece",-63,401,6358,6358,0,,,0,6358,Ayumi,TANIMOTO,JAPAN,F,,0.0,,white
464519,1856,Olympic Games Athens 2004,,"Athens, Greece",-63,268,16149,268,0,,,3,16149,Driulis,GONZALEZ,CUBA,F,,0.0,,white
464520,1856,Olympic Games Athens 2004,,"Athens, Greece",-63,26324,268,268,0,,,2,268,Urska,ZOLNIR JUGOVAR,SLOVENIA,F,,175.0,,white
464521,1856,Olympic Games Athens 2004,,"Athens, Greece",-63,52967,26324,26324,0,,,3,26324,Gella,VANDECAVEYE,BELGIUM,F,,0.0,,white
464525,1856,Olympic Games Athens 2004,,"Athens, Greece",-70,424,52969,424,0,,,4,52969,Friba,RAZAYEE,AFGHANISTAN,F,,,,white
464526,1856,Olympic Games Athens 2004,,"Athens, Greece",-70,1114,52977,1114,0,,,4,52977,Nasiba,SALAEVA,TURKMENISTAN,F,,0.0,,white
464528,1856,Olympic Games Athens 2004,,"Athens, Greece",-70,757,52972,52972,0,,,4,52972,Dongya,QIN,PEOPLE'S REPUBLIC OF CHINA,F,,,,white
464533,1856,Olympic Games Athens 2004,,"Athens, Greece",-70,323,52976,323,0,,,4,52976,Mi Jung,KIM,REPUBLIC OF KOREA,F,,,,white
464535,1856,Olympic Games Athens 2004,,"Athens, Greece",-70,5331,52973,5331,0,,,4,52973,Anaisis,HERNANDEZ,CUBA,F,,,,white
464537,1856,Olympic Games Athens 2004,,"Athens, Greece",-70,29088,52974,29088,0,,,4,52974,Andrea,POKORNA,CZECHIA,F,,170.0,,white
464539,1856,Olympic Games Athens 2004,,"Athens, Greece",-70,52970,424,424,0,,,2,424,Cecilia,BLANCO,SPAIN,F,,173.0,,white
464541,1856,Olympic Games Athens 2004,,"Athens, Greece",-70,2219,52972,52972,0,,,2,52972,Dongya,QIN,PEOPLE'S REPUBLIC OF CHINA,F,,,,white
464542,1856,Olympic Games Athens 2004,,"Athens, Greece",-70,52972,424,52972,0,,,1,424,Cecilia,BLANCO,SPAIN,F,,173.0,,white
464543,1856,Olympic Games Athens 2004,,"Athens, Greece",-70,48940,52972,52972,0,,,0,52972,Dongya,QIN,PEOPLE'S REPUBLIC OF CHINA,F,,,,white
464544,1856,Olympic Games Athens 2004,,"Athens, Greece",-70,258,42599,258,0,,,3,42599,Celia,SCHUTZ,UNITED STATES OF AMERICA,F,,0.0,,white
464545,1856,Olympic Games Athens 2004,,"Athens, Greece",-70,323,258,323,0,,,2,258,Rasa,SRAKA,SLOVENIA,F,,175.0,,white
464546,1856,Olympic Games Athens 2004,,"Athens, Greece",-70,27767,323,323,0,,,1,323,Catherine,JACQUES,BELGIUM,F,,176.0,,white
464548,1856,Olympic Games Athens 2004,,"Athens, Greece",-70,27767,52974,27767,0,,,2,52974,Andrea,POKORNA,CZECHIA,F,,170.0,,white
464549,1856,Olympic Games Athens 2004,,"Athens, Greece",-70,4269,323,4269,0,,,0,323,Catherine,JACQUES,BELGIUM,F,,176.0,,white
464550,1856,Olympic Games Athens 2004,,"Athens, Greece",-70,52970,52975,52970,0,,,3,52975,Alexia,KOURTELESI,GREECE,F,,0.0,,white
464551,1856,Olympic Games Athens 2004,,"Athens, Greece",-70,424,248,248,0,,,3,248,Edith,BOSCH,NETHERLANDS,F,,183.0,,white
464552,1856,Olympic Games Athens 2004,,"Athens, Greece",-70,248,52970,248,0,,,2,52970,Elizabeth,COPES,ARGENTINA,F,,0.0,,white
464553,1856,Olympic Games Athens 2004,,"Athens, Greece",-70,4269,248,248,0,,,1,248,Edith,BOSCH,NETHERLANDS,F,,183.0,,white
464554,1856,Olympic Games Athens 2004,,"Athens, Greece",-70,2219,1114,2219,0,,,3,1114,Kate,HOWEY,GREAT BRITAIN,F,,0.0,,white
464555,1856,Olympic Games Athens 2004,,"Athens, Greece",-70,4269,52972,4269,0,,,3,52972,Dongya,QIN,PEOPLE'S REPUBLIC OF CHINA,F,,,,white
464556,1856,Olympic Games Athens 2004,,"Athens, Greece",-70,4269,2219,4269,0,,,2,2219,Catherine,ROBERGE,CANADA,F,,165.0,,white
464557,1856,Olympic Games Athens 2004,,"Athens, Greece",-70,4246,248,4246,0,,,0,248,Edith,BOSCH,NETHERLANDS,F,,183.0,,white
464558,1856,Olympic Games Athens 2004,,"Athens, Greece",-70,4246,258,4246,0,,,3,258,Rasa,SRAKA,SLOVENIA,F,,175.0,,white
464559,1856,Olympic Games Athens 2004,,"Athens, Greece",-70,323,4246,4246,0,,,2,4246,Masae,UENO,JAPAN,F,,0.0,,white
464560,1856,Olympic Games Athens 2004,,"Athens, Greece",-70,323,52979,323,0,,,3,52979,Shu Yun,LIU,CHINESE TAIPEI,F,,,,white
