contest_id,competition_id,competition_name,date,location,weight_category,athlete_blue_id,athlete_white_id,winner_id,fight_duration,score_blue,score_white,round
463635,1856,Olympic Games Athens 2004,,"Athens, Greece",-66,13920,6402,6402,0,,,4
463651,1856,Olympic Games Athens 2004,,"Athens, Greece",-66,52796,6402,6402,0,,,3
463652,1856,Olympic Games Athens 2004,,"Athens, Greece",-66,2323,6402,6402,0,,,2
463654,1856,Olympic Games Athens 2004,,"Athens, Greece",-66,2323,240,2323,0,,,3
463655,1856,Olympic Games Athens 2004,,"Athens, Greece",-66,725,52673,725,0,,,3
463656,1856,Olympic Games Athens 2004,,"Athens, Greece",-66,35945,725,725,0,,,2
463657,1856,Olympic Games Athens 2004,,"Athens, Greece",-66,52800,35945,35945,0,,,3
463658,1856,Olympic Games Athens 2004,,"Athens, Greece",-66,85,2648,85,0,,,3
463659,1856,Olympic Games Athens 2004,,"Athens, Greece",-66,85,52802,85,0,,,2
463661,1856,Olympic Games Athens 2004,,"Athens, Greece",-66,52797,52802,52802,0,,,3
463662,1856,Olympic Games Athens 2004,,"Athens, Greece",-66,3409,37261,3409,0,,,3
463663,1856,Olympic Games Athens 2004,,"Athens, Greece",-66,3409,13689,3409,0,,,2
463664,1856,Olympic Games Athens 2004,,"Athens, Greece",-66,361,13689,13689,0,,,3
463665,1856,Olympic Games Athens 2004,,"Athens, Greece",-66,725,6402,725,0,,,1
463666,1856,Olympic Games Athens 2004,,"Athens, Greece",-66,3409,85,3409,0,,,1
463667,1856,Olympic Games Athens 2004,,"Athens, Greece",-66,6402,9929,6402,0,,,0
463668,1856,Olympic Games Athens 2004,,"Athens, Greece",-66,85,725,85,0,,,0
463669,1856,Olympic Games Athens 2004,,"Athens, Greece",-66,3409,52673,3409,0,,,0
463670,1856,Olympic Games Athens 2004,,"Athens, Greece",-66,52796,13920,13920,0,,,3
463671,1856,Olympic Games Athens 2004,,"Athens, Greece",-66,52673,3834,52673,0,,,3
463672,1856,Olympic Games Athens 2004,,"Athens, Greece",-66,35945,52673,52673,0,,,2
463673,1856,Olympic Games Athens 2004,,"Athens, Greece",-66,2323,13920,2323,0,,,2
463674,1856,Olympic Games Athens 2004,,"Athens, Greece",-66,52673,2323,52673,0,,,1
463675,1856,Olympic Games Athens 2004,,"Athens, Greece",-66,2648,52795,52795,0,,,3
463676,1856,Olympic Games Athens 2004,,"Athens, Greece",-66,37261,9929,9929,0,,,3
463677,1856,Olympic Games Athens 2004,,"Athens, Greece",-66,13689,9929,9929,0,,,2
463678,1856,Olympic Games Athens 2004,,"Athens, Greece",-66,52802,52795,52795,0,,,2
463679,1856,Olympic Games Athens 2004,,"Athens, Greece",-66,9929,52795,9929,0,,,1
464111,1856,Olympic Games Athens 2004,,"Athens, Greece",-73,471,431,431,0,,,5
464120,1856,Olympic Games Athens 2004,,"Athens, Greece",-73,52913,590,590,0,,,5
464140,1856,Olympic Games Athens 2004,,"Athens, Greece",-73,431,15555,15555,0,,,2
464141,1856,Olympic Games Athens 2004,,"Athens, Greece",-73,857,52917,857,0,,,4
464142,1856,Olympic Games Athens 2004,,"Athens, Greece",-73,1750,52904,1750,0,,,4
464143,1856,Olympic Games Athens 2004,,"Athens, Greece",-73,431,1750,431,0,,,3
464144,1856,Olympic Games Athens 2004,,"Athens, Greece",-73,17892,431,431,0,,,4
464145,1856,Olympic Games Athens 2004,,"Athens, Greece",-73,388,15555,388,0,,,1
464146,1856,Olympic Games Athens 2004,,"Athens, Greece",-73,765,2179,765,0,,,4
464147,1856,Olympic Games Athens 2004,,"Athens, Greece",-73,835,388,388,0,,,4
464148,1856,Olympic Games Athens 2004,,"Athens, Greece",-73,4329,2433,4329,0,,,4
464149,1856,Olympic Games Athens 2004,,"Athens, Greece",-73,52915,4487,52915,0,,,4
464150,1856,Olympic Games Athens 2004,,"Athens, Greece",-73,52903,590,590,0,,,4
464151,1856,Olympic Games Athens 2004,,"Athens, Greece",-73,428,11643,11643,0,,,4
464152,1856,Olympic Games Athens 2004,,"Athens, Greece",-73,11176,35757,11176,0,,,4
464154,1856,Olympic Games Athens 2004,,"Athens, Greece",-73,5202,11176,5202,0,,,3
464155,1856,Olympic Games Athens 2004,,"Athens, Greece",-73,190,2685,2685,0,,,4
464156,1856,Olympic Games Athens 2004,,"Athens, Greece",-73,52914,2685,52914,0,,,3
464157,1856,Olympic Games Athens 2004,,"Athens, Greece",-73,52682,52914,52914,0,,,4
464158,1856,Olympic Games Athens 2004,,"Athens, Greece",-73,31998,182,182,0,,,4
464159,1856,Olympic Games Athens 2004,,"Athens, Greece",-73,4084,6332,6332,0,,,4
464160,1856,Olympic Games Athens 2004,,"Athens, Greece",-73,6332,182,182,0,,,3
464161,1856,Olympic Games Athens 2004,,"Athens, Greece",-73,182,52914,52914,0,,,2
464162,1856,Olympic Games Athens 2004,,"Athens, Greece",-73,52914,11643,11643,0,,,1
464163,1856,Olympic Games Athens 2004,,"Athens, Greece",-73,5202,11643,11643,0,,,2
464164,1856,Olympic Games Athens 2004,,"Athens, Greece",-73,11643,590,11643,0,,,3
464165,1856,Olympic Games Athens 2004,,"Athens, Greece",-73,11643,388,11643,0,,,0
464166,1856,Olympic Games Athens 2004,,"Athens, Greece",-73,52914,431,431,0,,,0
464167,1856,Olympic Games Athens 2004,,"Athens, Greece",-73,388,765,388,0,,,3
464168,1856,Olympic Games Athens 2004,,"Athens, Greece",-73,52915,4329,52915,0,,,3
464169,1856,Olympic Games Athens 2004,,"Athens, Greece",-73,52915,388,388,0,,,2
464170,1856,Olympic Games Athens 2004,,"Athens, Greece",-73,15555,590,590,0,,,0
464172,1856,Olympic Games Athens 2004,,"Athens, Greece",-73,857,17706,857,0,,,3
464173,1856,Olympic Games Athens 2004,,"Athens, Greece",-73,431,857,431,0,,,2
464175,1856,Olympic Games Athens 2004,,"Athens, Greece",-73,765,835,765,0,,,3
464176,1856,Olympic Games Athens 2004,,"Athens, Greece",-73,52915,765,765,0,,,2
464177,1856,Olympic Games Athens 2004,,"Athens, Greece",-73,765,431,431,0,,,1
464179,1856,Olympic Games Athens 2004,,"Athens, Greece",-73,590,428,590,0,,,3
464180,1856,Olympic Games Athens 2004,,"Athens, Greece",-73,5202,590,590,0,,,2
464181,1856,Olympic Games Athens 2004,,"Athens, Greece",-73,182,590,590,0,,,1
464183,1856,Olympic Games Athens 2004,,"Athens, Greece",-73,2685,52682,2685,0,,,3
464184,1856,Olympic Games Athens 2004,,"Athens, Greece",-73,182,2685,182,0,,,2
464194,1856,Olympic Games Athens 2004,,"Athens, Greece",-60,31657,4909,4909,0,,,3
464195,1856,Olympic Games Athens 2004,,"Athens, Greece",-60,38631,4909,4909,0,,,2
464197,1856,Olympic Games Athens 2004,,"Athens, Greece",-60,414,8827,8827,0,,,3
464198,1856,Olympic Games Athens 2004,,"Athens, Greece",-60,52789,8827,52789,0,,,2
464200,1856,Olympic Games Athens 2004,,"Athens, Greece",-60,19702,11634,11634,0,,,3
464201,1856,Olympic Games Athens 2004,,"Athens, Greece",-60,58,11634,58,0,,,2
464203,1856,Olympic Games Athens 2004,,"Athens, Greece",-60,52788,5225,52788,0,,,3
464204,1856,Olympic Games Athens 2004,,"Athens, Greece",-60,580,52788,52788,0,,,2
464215,1856,Olympic Games Athens 2004,,"Athens, Greece",-60,533,19685,19685,0,,,5
464229,1856,Olympic Games Athens 2004,,"Athens, Greece",-60,38631,48816,38631,0,,,4
464230,1856,Olympic Games Athens 2004,,"Athens, Greece",-60,52791,824,824,0,,,4
464231,1856,Olympic Games Athens 2004,,"Athens, Greece",-60,4909,767,767,0,,,4
464232,1856,Olympic Games Athens 2004,,"Athens, Greece",-60,10390,31657,31657,0,,,4
464233,1856,Olympic Games Athens 2004,,"Athens, Greece",-60,52787,2835,2835,0,,,4
464234,1856,Olympic Games Athens 2004,,"Athens, Greece",-60,52789,52792,52789,0,,,4
464235,1856,Olympic Games Athens 2004,,"Athens, Greece",-60,8827,10650,10650,0,,,4
464236,1856,Olympic Games Athens 2004,,"Athens, Greece",-60,48007,414,414,0,,,4
464237,1856,Olympic Games Athens 2004,,"Athens, Greece",-60,11634,192,192,0,,,4
464238,1856,Olympic Games Athens 2004,,"Athens, Greece",-60,19702,19685,19702,0,,,4
464239,1856,Olympic Games Athens 2004,,"Athens, Greece",-60,19702,192,192,0,,,3
464240,1856,Olympic Games Athens 2004,,"Athens, Greece",-60,2307,52794,2307,0,,,4
464241,1856,Olympic Games Athens 2004,,"Athens, Greece",-60,218,58,58,0,,,4
464242,1856,Olympic Games Athens 2004,,"Athens, Greece",-60,5225,5156,5156,0,,,4
464243,1856,Olympic Games Athens 2004,,"Athens, Greece",-60,5527,52788,52788,0,,,4
464244,1856,Olympic Games Athens 2004,,"Athens, Greece",-60,44378,52790,52790,0,,,4
464245,1856,Olympic Games Athens 2004,,"Athens, Greece",-60,580,10471,580,0,,,4
464246,1856,Olympic Games Athens 2004,,"Athens, Greece",-60,580,52790,580,0,,,3
464247,1856,Olympic Games Athens 2004,,"Athens, Greece",-60,580,5156,5156,0,,,2
464248,1856,Olympic Games Athens 2004,,"Athens, Greece",-60,52788,5156,5156,0,,,3
464249,1856,Olympic Games Athens 2004,,"Athens, Greece",-60,5156,192,5156,0,,,1
464250,1856,Olympic Games Athens 2004,,"Athens, Greece",-60,58,2307,58,0,,,3
464251,1856,Olympic Games Athens 2004,,"Athens, Greece",-60,58,192,192,0,,,2
464252,1856,Olympic Games Athens 2004,,"Athens, Greece",-60,5156,767,5156,0,,,0
464253,1856,Olympic Games Athens 2004,,"Athens, Greece",-60,192,4909,192,0,,,0
464254,1856,Olympic Games Athens 2004,,"Athens, Greece",-60,52789,2835,52789,0,,,3
464255,1856,Olympic Games Athens 2004,,"Athens, Greece",-60,414,10650,10650,0,,,3
464256,1856,Olympic Games Athens 2004,,"Athens, Greece",-60,10650,52789,10650,0,,,2
464257,1856,Olympic Games Athens 2004,,"Athens, Greece",-60,10650,767,767,0,,,1
464258,1856,Olympic Games Athens 2004,,"Athens, Greece",-60,824,38631,38631,0,,,3
464259,1856,Olympic Games Athens 2004,,"Athens, Greece",-60,31657,767,767,0,,,3
464260,1856,Olympic Games Athens 2004,,"Athens, Greece",-60,767,38631,767,0,,,2
464261,1856,Olympic Games Athens 2004,,"Athens, Greece",-60,10650,58,58,0,,,0
464262,1856,Olympic Games Athens 2004,,"Athens, Greece",-60,52789,4909,4909,0,,,1
464263,1856,Olympic Games Athens 2004,,"Athens, Greece",-60,52788,58,58,0,,,1
464264,1856,Olympic Games Athens 2004,,"Athens, Greece",-81,9454,754,754,0,,,4
464265,1856,Olympic Games Athens 2004,,"Athens, Greece",-81,17709,52933,52933,0,,,4
464266,1856,Olympic Games Athens 2004,,"Athens, Greece",-81,14646,279,14646,0,,,4
464267,1856,Olympic Games Athens 2004,,"Athens, Greece",-81,2479,863,863,0,,,4
464268,1856,Olympic Games Athens 2004,,"Athens, Greece",-81,4922,9096,9096,0,,,4
464269,1856,Olympic Games Athens 2004,,"Athens, Greece",-81,52931,13049,52931,0,,,4
464270,1856,Olympic Games Athens 2004,,"Athens, Greece",-81,5228,52924,52924,0,,,4
464271,1856,Olympic Games Athens 2004,,"Athens, Greece",-81,49506,759,759,0,,,4
464272,1856,Olympic Games Athens 2004,,"Athens, Greece",-81,224,28642,28642,0,,,4
464273,1856,Olympic Games Athens 2004,,"Athens, Greece",-81,46942,2260,2260,0,,,4
464274,1856,Olympic Games Athens 2004,,"Athens, Greece",-81,836,299,836,0,,,4
464275,1856,Olympic Games Athens 2004,,"Athens, Greece",-81,12169,10184,12169,0,,,4
464276,1856,Olympic Games Athens 2004,,"Athens, Greece",-81,52929,11674,52929,0,,,4
464277,1856,Olympic Games Athens 2004,,"Athens, Greece",-81,6143,4164,4164,0,,,4
464278,1856,Olympic Games Athens 2004,,"Athens, Greece",-81,2269,2074,2074,0,,,4
464279,1856,Olympic Games Athens 2004,,"Athens, Greece",-81,5935,1093,1093,0,,,4
464280,1856,Olympic Games Athens 2004,,"Athens, Greece",-81,52933,9454,52933,0,,,3
464281,1856,Olympic Games Athens 2004,,"Athens, Greece",-81,14646,52933,14646,0,,,2
464282,1856,Olympic Games Athens 2004,,"Athens, Greece",-81,52924,14646,14646,0,,,1
464283,1856,Olympic Games Athens 2004,,"Athens, Greece",-81,9096,13049,13049,0,,,3
464284,1856,Olympic Games Athens 2004,,"Athens, Greece",-81,52924,13049,52924,0,,,2
464285,1856,Olympic Games Athens 2004,,"Athens, Greece",-81,52929,14646,52929,0,,,0
464286,1856,Olympic Games Athens 2004,,"Athens, Greece",-81,12169,299,299,0,,,3
464287,1856,Olympic Games Athens 2004,,"Athens, Greece",-81,2260,299,2260,0,,,2
464288,1856,Olympic Games Athens 2004,,"Athens, Greece",-81,2074,2260,2074,0,,,1
464289,1856,Olympic Games Athens 2004,,"Athens, Greece",-81,4164,11674,4164,0,,,3
464290,1856,Olympic Games Athens 2004,,"Athens, Greece",-81,2074,4164,2074,0,,,2
464291,1856,Olympic Games Athens 2004,,"Athens, Greece",-81,754,2074,2074,0,,,0
464292,1856,Olympic Games Athens 2004,,"Athens, Greece",-81,52933,754,754,0,,,3
464293,1856,Olympic Games Athens 2004,,"Athens, Greece",-81,863,14646,14646,0,,,3
464294,1856,Olympic Games Athens 2004,,"Athens, Greece",-81,14646,754,754,0,,,2
464295,1856,Olympic Games Athens 2004,,"Athens, Greece",-81,52931,754,52931,0,,,1
464296,1856,Olympic Games Athens 2004,,"Athens, Greece",-81,52931,9096,52931,0,,,3
464297,1856,Olympic Games Athens 2004,,"Athens, Greece",-81,759,52924,52924,0,,,3
464298,1856,Olympic Games Athens 2004,,"Athens, Greece",-81,52924,52931,52931,0,,,2
464299,1856,Olympic Games Athens 2004,,"Athens, Greece",-81,836,52931,836,0,,,0
464300,1856,Olympic Games Athens 2004,,"Athens, Greece",-81,2260,28642,2260,0,,,3
464301,1856,Olympic Games Athens 2004,,"Athens, Greece",-81,12169,836,836,0,,,3
464302,1856,Olympic Games Athens 2004,,"Athens, Greece",-81,836,2260,836,0,,,2
464304,1856,Olympic Games Athens 2004,,"Athens, Greece",-81,4164,52929,52929,0,,,3
464305,1856,Olympic Games Athens 2004,,"Athens, Greece",-81,2074,52929,52929,0,,,2
464306,1856,Olympic Games Athens 2004,,"Athens, Greece",-81,1093,2074,2074,0,,,3
464307,1856,Olympic Games Athens 2004,,"Athens, Greece",-90,52937,5324,5324,0,,,4
464309,1856,Olympic Games Athens 2004,,"Athens, Greece",-90,22015,1045,22015,0,,,4
464310,1856,Olympic Games Athens 2004,,"Athens, Greece",-90,40787,1229,40787,0,,,4
464311,1856,Olympic Games Athens 2004,,"Athens, Greece",-90,52695,52951,52695,0,,,4
464312,1856,Olympic Games Athens 2004,,"Athens, Greece",-90,52688,52939,52688,0,,,4
464313,1856,Olympic Games Athens 2004,,"Athens, Greece",-90,52949,4162,4162,0,,,4
464314,1856,Olympic Games Athens 2004,,"Athens, Greece",-90,2638,1955,1955,0,,,4
464315,1856,Olympic Games Athens 2004,,"Athens, Greece",-90,466,671,671,0,,,4
464316,1856,Olympic Games Athens 2004,,"Athens, Greece",-90,53011,4494,53011,0,,,4
464317,1856,Olympic Games Athens 2004,,"Athens, Greece",-90,52687,18392,52687,0,,,4
464318,1856,Olympic Games Athens 2004,,"Athens, Greece",-90,7887,837,837,0,,,4
464319,1856,Olympic Games Athens 2004,,"Athens, Greece",-90,752,1980,1980,0,,,4
464320,1856,Olympic Games Athens 2004,,"Athens, Greece",-90,3395,52946,3395,0,,,4
464321,1856,Olympic Games Athens 2004,,"Athens, Greece",-90,52692,53010,52692,0,,,4
464322,1856,Olympic Games Athens 2004,,"Athens, Greece",-90,52941,889,889,0,,,4
464324,1856,Olympic Games Athens 2004,,"Athens, Greece",-90,22015,5324,22015,0,,,2
464325,1856,Olympic Games Athens 2004,,"Athens, Greece",-90,40787,22015,22015,0,,,3
464326,1856,Olympic Games Athens 2004,,"Athens, Greece",-90,4162,22015,4162,0,,,1
464327,1856,Olympic Games Athens 2004,,"Athens, Greece",-90,52688,52695,52695,0,,,3
464328,1856,Olympic Games Athens 2004,,"Athens, Greece",-90,4162,52695,4162,0,,,2
464329,1856,Olympic Games Athens 2004,,"Athens, Greece",-90,1955,4162,4162,0,,,3
464330,1856,Olympic Games Athens 2004,,"Athens, Greece",-90,22015,3395,3395,0,,,0
464331,1856,Olympic Games Athens 2004,,"Athens, Greece",-90,52687,4162,4162,0,,,0
464332,1856,Olympic Games Athens 2004,,"Athens, Greece",-90,53011,671,53011,0,,,3
464333,1856,Olympic Games Athens 2004,,"Athens, Greece",-90,52687,53011,52687,0,,,2
464334,1856,Olympic Games Athens 2004,,"Athens, Greece",-90,837,52687,52687,0,,,3
464335,1856,Olympic Games Athens 2004,,"Athens, Greece",-90,1980,52687,52687,0,,,1
464336,1856,Olympic Games Athens 2004,,"Athens, Greece",-90,3395,1980,1980,0,,,3
464337,1856,Olympic Games Athens 2004,,"Athens, Greece",-90,52692,1980,1980,0,,,2
464338,1856,Olympic Games Athens 2004,,"Athens, Greece",-90,889,52692,52692,0,,,3
464339,1856,Olympic Games Athens 2004,,"Athens, Greece",-90,1980,1955,1955,0,,,0
464340,1856,Olympic Games Athens 2004,,"Athens, Greece",-90,40787,1045,1045,0,,,3
464341,1856,Olympic Games Athens 2004,,"Athens, Greece",-90,5324,1045,1045,0,,,2
464342,1856,Olympic Games Athens 2004,,"Athens, Greece",-90,1955,52949,1955,0,,,3
464343,1856,Olympic Games Athens 2004,,"Athens, Greece",-90,52695,1955,1955,0,,,2
464344,1856,Olympic Games Athens 2004,,"Athens, Greece",-90,837,18392,18392,0,,,3
464345,1856,Olympic Games Athens 2004,,"Athens, Greece",-90,53011,18392,53011,0,,,2
464346,1856,Olympic Games Athens 2004,,"Athens, Greece",-90,3395,752,3395,0,,,3
464347,1856,Olympic Games Athens 2004,,"Athens, Greece",-90,52692,3395,3395,0,,,2
464348,1856,Olympic Games Athens 2004,,"Athens, Greece",-90,1955,1045,1955,0,,,1
464349,1856,Olympic Games Athens 2004,,"Athens, Greece",-90,3395,53011,3395,0,,,1
464350,1856,Olympic Games Athens 2004,,"Athens, Greece",-48,12696,52706,12696,0,,,4
464352,1856,Olympic Games Athens 2004,,"Athens, Greece",-48,52927,43010,52927,0,,,4
464354,1856,Olympic Games Athens 2004,,"Athens, Greece",-48,15618,52921,15618,0,,,4
464358,1856,Olympic Games Athens 2004,,"Athens, Greece",-48,52923,2427,52923,0,,,4
464361,1856,Olympic Games Athens 2004,,"Athens, Greece",-48,2147,410,410,0,,,4
464364,1856,Olympic Games Athens 2004,,"Athens, Greece",-48,52930,52932,52932,0,,,4
464367,1856,Olympic Games Athens 2004,,"Athens, Greece",-48,52928,52927,52928,0,,,2
464368,1856,Olympic Games Athens 2004,,"Athens, Greece",-48,7023,52928,7023,0,,,1
464370,1856,Olympic Games Athens 2004,,"Athens, Greece",-48,15618,7023,7023,0,,,2
464371,1856,Olympic Games Athens 2004,,"Athens, Greece",-48,52926,7023,52926,0,,,0
464372,1856,Olympic Games Athens 2004,,"Athens, Greece",-48,52918,2147,52918,0,,,3
464373,1856,Olympic Games Athens 2004,,"Athens, Greece",-48,52923,52918,52923,0,,,2
464374,1856,Olympic Games Athens 2004,,"Athens, Greece",-48,6390,52923,52923,0,,,1
464376,1856,Olympic Games Athens 2004,,"Athens, Greece",-48,6390,52922,6390,0,,,2
464377,1856,Olympic Games Athens 2004,,"Athens, Greece",-48,383,52923,52923,0,,,0
464378,1856,Olympic Games Athens 2004,,"Athens, Greece",-48,52928,12696,52928,0,,,3
464379,1856,Olympic Games Athens 2004,,"Athens, Greece",-48,383,52928,383,0,,,2
464380,1856,Olympic Games Athens 2004,,"Athens, Greece",-48,383,52927,383,0,,,3
464381,1856,Olympic Games Athens 2004,,"Athens, Greece",-48,52630,383,52630,0,,,1
464382,1856,Olympic Games Athens 2004,,"Athens, Greece",-48,52934,15618,15618,0,,,3
464383,1856,Olympic Games Athens 2004,,"Athens, Greece",-48,52630,15618,52630,0,,,2
464384,1856,Olympic Games Athens 2004,,"Athens, Greece",-48,7023,52630,52630,0,,,3
464385,1856,Olympic Games Athens 2004,,"Athens, Greece",-48,52935,52923,52923,0,,,3
464386,1856,Olympic Games Athens 2004,,"Athens, Greece",-48,410,52923,410,0,,,2
464387,1856,Olympic Games Athens 2004,,"Athens, Greece",-48,410,52918,410,0,,,3
464388,1856,Olympic Games Athens 2004,,"Athens, Greece",-48,52926,410,410,0,,,1
464389,1856,Olympic Games Athens 2004,,"Athens, Greece",-48,52922,52926,52926,0,,,3
464390,1856,Olympic Games Athens 2004,,"Athens, Greece",-48,6390,52926,52926,0,,,2
464391,1856,Olympic Games Athens 2004,,"Athens, Greece",-48,6390,52932,6390,0,,,3
464392,1856,Olympic Games Athens 2004,,"Athens, Greece",-48,410,52630,52630,0,,,0
464394,1856,Olympic Games Athens 2004,,"Athens, Greece",-52,172,52942,172,0,,,4
464396,1856,Olympic Games Athens 2004,,"Athens, Greece",-52,52947,52944,52947,0,,,4
464397,1856,Olympic Games Athens 2004,,"Athens, Greece",-52,52952,52940,52940,0,,,4
464399,1856,Olympic Games Athens 2004,,"Athens, Greece",-52,266,771,771,0,,,4
464401,1856,Olympic Games Athens 2004,,"Athens, Greece",-52,52945,2327,2327,0,,,4
464402,1856,Olympic Games Athens 2004,,"Athens, Greece",-52,52938,6534,52938,0,,,4
464404,1856,Olympic Games Athens 2004,,"Athens, Greece",-52,6008,48040,48040,0,,,4
464407,1856,Olympic Games Athens 2004,,"Athens, Greece",-52,325,52943,325,0,,,4
464410,1856,Olympic Games Athens 2004,,"Athens, Greece",-52,172,52947,52947,0,,,2
464412,1856,Olympic Games Athens 2004,,"Athens, Greece",-52,52940,771,771,0,,,2
464413,1856,Olympic Games Athens 2004,,"Athens, Greece",-52,6908,52945,52945,0,,,3
464414,1856,Olympic Games Athens 2004,,"Athens, Greece",-52,52938,52945,52938,0,,,2
464415,1856,Olympic Games Athens 2004,,"Athens, Greece",-52,4125,6008,6008,0,,,3
464416,1856,Olympic Games Athens 2004,,"Athens, Greece",-52,325,6008,325,0,,,2
464417,1856,Olympic Games Athens 2004,,"Athens, Greece",-52,325,52938,325,0,,,1
464418,1856,Olympic Games Athens 2004,,"Athens, Greece",-52,15240,325,325,0,,,0
464419,1856,Olympic Games Athens 2004,,"Athens, Greece",-52,771,52947,771,0,,,1
464420,1856,Olympic Games Athens 2004,,"Athens, Greece",-52,48040,771,48040,0,,,0
464421,1856,Olympic Games Athens 2004,,"Athens, Greece",-52,172,19087,172,0,,,3
464422,1856,Olympic Games Athens 2004,,"Athens, Greece",-52,15240,172,15240,0,,,2
464423,1856,Olympic Games Athens 2004,,"Athens, Greece",-52,52947,15240,15240,0,,,3
464424,1856,Olympic Games Athens 2004,,"Athens, Greece",-52,14900,15240,14900,0,,,1
464425,1856,Olympic Games Athens 2004,,"Athens, Greece",-52,49477,52940,52940,0,,,3
464426,1856,Olympic Games Athens 2004,,"Athens, Greece",-52,14900,52940,14900,0,,,2
464427,1856,Olympic Games Athens 2004,,"Athens, Greece",-52,14900,771,14900,0,,,3
464428,1856,Olympic Games Athens 2004,,"Athens, Greece",-52,2327,14900,14900,0,,,0
464429,1856,Olympic Games Athens 2004,,"Athens, Greece",-52,6908,2327,2327,0,,,3
464430,1856,Olympic Games Athens 2004,,"Athens, Greece",-52,52938,2327,2327,0,,,2
464431,1856,Olympic Games Athens 2004,,"Athens, Greece",-52,6766,52938,52938,0,,,3
464432,1856,Olympic Games Athens 2004,,"Athens, Greece",-52,48040,2327,2327,0,,,1
464433,1856,Olympic Games Athens 2004,,"Athens, Greece",-52,4125,48040,48040,0,,,3
464434,1856,Olympic Games Athens 2004,,"Athens, Greece",-52,325,48040,48040,0,,,2
464435,1856,Olympic Games Athens 2004,,"Athens, Greece",-52,325,12608,325,0,,,3
464437,1856,Olympic Games Athens 2004,,"Athens, Greece",-57,24662,15909,24662,0,,,4
464441,1856,Olympic Games Athens 2004,,"Athens, Greece",-57,52953,2870,2870,0,,,4
464443,1856,Olympic Games Athens 2004,,"Athens, Greece",-57,7270,7991,7991,0,,,4
464445,1856,Olympic Games Athens 2004,,"Athens, Greece",-57,36426,26593,26593,0,,,4
464446,1856,Olympic Games Athens 2004,,"Athens, Greece",-57,3937,756,3937,0,,,4
464448,1856,Olympic Games Athens 2004,,"Athens, Greece",-57,7515,52955,52955,0,,,4
464451,1856,Olympic Games Athens 2004,,"Athens, Greece",-57,3328,695,695,0,,,4
464453,1856,Olympic Games Athens 2004,,"Athens, Greece",-57,24662,1739,1739,0,,,2
464454,1856,Olympic Games Athens 2004,,"Athens, Greece",-57,52956,7270,52956,0,,,3
464455,1856,Olympic Games Athens 2004,,"Athens, Greece",-57,2870,52956,52956,0,,,2
464456,1856,Olympic Games Athens 2004,,"Athens, Greece",-57,52956,1739,1739,0,,,1
464457,1856,Olympic Games Athens 2004,,"Athens, Greece",-57,26593,1739,26593,0,,,0
464458,1856,Olympic Games Athens 2004,,"Athens, Greece",-57,52957,36426,36426,0,,,3
464459,1856,Olympic Games Athens 2004,,"Athens, Greece",-57,13963,36426,36426,0,,,2
464460,1856,Olympic Games Athens 2004,,"Athens, Greece",-57,3328,36426,3328,0,,,1
464461,1856,Olympic Games Athens 2004,,"Athens, Greece",-57,958,3328,3328,0,,,3
464462,1856,Olympic Games Athens 2004,,"Athens, Greece",-57,52955,3328,3328,0,,,2
464463,1856,Olympic Games Athens 2004,,"Athens, Greece",-57,954,3328,954,0,,,0
464464,1856,Olympic Games Athens 2004,,"Athens, Greece",-57,24662,41223,24662,0,,,3
464465,1856,Olympic Games Athens 2004,,"Athens, Greece",-57,954,24662,954,0,,,2
464466,1856,Olympic Games Athens 2004,,"Athens, Greece",-57,954,1739,954,0,,,3
464467,1856,Olympic Games Athens 2004,,"Athens, Greece",-57,7991,954,7991,0,,,1
464468,1856,Olympic Games Athens 2004,,"Athens, Greece",-57,2870,840,2870,0,,,3
464469,1856,Olympic Games Athens 2004,,"Athens, Greece",-57,7991,2870,7991,0,,,2
464470,1856,Olympic Games Athens 2004,,"Athens, Greece",-57,7991,52956,7991,0,,,3
464471,1856,Olympic Games Athens 2004,,"Athens, Greece",-57,26593,52957,26593,0,,,3
464472,1856,Olympic Games Athens 2004,,"Athens, Greece",-57,13963,26593,26593,0,,,2
464473,1856,Olympic Games Athens 2004,,"Athens, Greece",-57,13963,3937,13963,0,,,3
464474,1856,Olympic Games Athens 2004,,"Athens, Greece",-57,695,26593,695,0,,,1
464475,1856,Olympic Games Athens 2004,,"Athens, Greece",-57,695,7991,695,0,,,0
464476,1856,Olympic Games Athens 2004,,"Athens, Greece",-57,4483,52955,52955,0,,,3
464477,1856,Olympic Games Athens 2004,,"Athens, Greece",-57,695,52955,695,0,,,2
464478,1856,Olympic Games Athens 2004,,"Athens, Greece",-57,695,958,695,0,,,3
464480,1856,Olympic Games Athens 2004,,"Athens, Greece",-63,6358,52966,6358,0,,,4
464481,1856,Olympic Games Athens 2004,,"Athens, Greece",-63,133,52716,133,0,,,4
464485,1856,Olympic Games Athens 2004,,"Athens, Greece",-63,52963,419,419,0,,,4
464487,1856,Olympic Games Athens 2004,,"Athens, Greece",-63,52965,34409,52965,0,,,4
464489,1856,Olympic Games Athens 2004,,"Athens, Greece",-63,2589,401,401,0,,,4
464493,1856,Olympic Games Athens 2004,,"Athens, Greece",-63,52960,26324,26324,0,,,4
464495,1856,Olympic Games Athens 2004,,"Athens, Greece",-63,52962,52966,52966,0,,,3
464496,1856,Olympic Games Athens 2004,,"Athens, Greece",-63,133,52966,133,0,,,2
464497,1856,Olympic Games Athens 2004,,"Athens, Greece",-63,419,133,133,0,,,1
464499,1856,Olympic Games Athens 2004,,"Athens, Greece",-63,419,52964,419,0,,,2
464500,1856,Olympic Games Athens 2004,,"Athens, Greece",-63,268,133,268,0,,,0
464501,1856,Olympic Games Athens 2004,,"Athens, Greece",-63,106,2589,2589,0,,,3
464502,1856,Olympic Games Athens 2004,,"Athens, Greece",-63,52965,2589,52965,0,,,2
464504,1856,Olympic Games Athens 2004,,"Athens, Greece",-63,26324,16149,16149,0,,,2
464505,1856,Olympic Games Athens 2004,,"Athens, Greece",-63,16149,52965,16149,0,,,1
464506,1856,Olympic Games Athens 2004,,"Athens, Greece",-63,2670,16149,16149,0,,,0
464507,1856,Olympic Games Athens 2004,,"Athens, Greece",-63,6358,52962,6358,0,,,3
464508,1856,Olympic Games Athens 2004,,"Athens, Greece",-63,52961,133,133,0,,,3
464509,1856,Olympic Games Athens 2004,,"Athens, Greece",-63,133,6358,6358,0,,,2
464510,1856,Olympic Games Athens 2004,,"Athens, Greece",-63,2670,6358,6358,0,,,1
464511,1856,Olympic Games Athens 2004,,"Athens, Greece",-63,52964,2670,2670,0,,,3
464512,1856,Olympic Games Athens 2004,,"Athens, Greece",-63,419,2670,2670,0,,,2
464513,1856,Olympic Games Athens 2004,,"Athens, Greece",-63,52958,419,419,0,,,3
464514,1856,Olympic Games Athens 2004,,"Athens, Greece",-63,4470,52965,52965,0,,,3
464515,1856,Olympic Games Athens 2004,,"Athens, Greece",-63,401,52965,401,0,,,2
464516,1856,Olympic Games Athens 2004,,"Athens, Greece",-63,106,401,401,0,,,3
464517,1856,Olympic Games Athens 2004,,"Athens, Greece",-63,268,401,401,0,,,1
464518,1856,Olympic Games Athens 2004,,"Athens, Greece",-63,401,6358,6358,0,,,0
464519,1856,Olympic Games Athens 2004,,"Athens, Greece",-63,268,16149,268,0,,,3
464520,1856,Olympic Games Athens 2004,,"Athens, Greece",-63,26324,268,268,0,,,2
464521,1856,Olympic Games Athens 2004,,"Athens, Greece",-63,52967,26324,26324,0,,,3
464525,1856,Olympic Games Athens 2004,,"Athens, Greece",-70,424,52969,424,0,,,4
464526,1856,Olympic Games Athens 2004,,"Athens, Greece",-70,1114,52977,1114,0,,,4
464528,1856,Olympic Games Athens 2004,,"Athens, Greece",-70,757,52972,52972,0,,,4
464533,1856,Olympic Games Athens 2004,,"Athens, Greece",-70,323,52976,323,0,,,4
464535,1856,Olympic Games Athens 2004,,"Athens, Greece",-70,5331,52973,5331,0,,,4
464537,1856,Olympic Games Athens 2004,,"Athens, Greece",-70,29088,52974,29088,0,,,4
464539,1856,Olympic Games Athens 2004,,"Athens, Greece",-70,52970,424,424,0,,,2
464541,1856,Olympic Games Athens 2004,,"Athens, Greece",-70,2219,52972,52972,0,,,2
464542,1856,Olympic Games Athens 2004,,"Athens, Greece",-70,52972,424,52972,0,,,1
464543,1856,Olympic Games Athens 2004,,"Athens, Greece",-70,48940,52972,52972,0,,,0
464544,1856,Olympic Games Athens 2004,,"Athens, Greece",-70,258,42599,258,0,,,3
464545,1856,Olympic Games Athens 2004,,"Athens, Greece",-70,323,258,323,0,,,2
464546,1856,Olympic Games Athens 2004,,"Athens, Greece",-70,27767,323,323,0,,,1
464548,1856,Olympic Games Athens 2004,,"Athens, Greece",-70,27767,52974,27767,0,,,2
464549,1856,Olympic Games Athens 2004,,"Athens, Greece",-70,4269,323,4269,0,,,0
464550,1856,Olympic Games Athens 2004,,"Athens, Greece",-70,52970,52975,52970,0,,,3
464551,1856,Olympic Games Athens 2004,,"Athens, Greece",-70,424,248,248,0,,,3
464552,1856,Olympic Games Athens 2004,,"Athens, Greece",-70,248,52970,248,0,,,2
464553,1856,Olympic Games Athens 2004,,"Athens, Greece",-70,4269,248,248,0,,,1
464554,1856,Olympic Games Athens 2004,,"Athens, Greece",-70,2219,1114,2219,0,,,3
464555,1856,Olympic Games Athens 2004,,"Athens, Greece",-70,4269,52972,4269,0,,,3
464556,1856,Olympic Games Athens 2004,,"Athens, Greece",-70,4269,2219,4269,0,,,2
464557,1856,Olympic Games Athens 2004,,"Athens, Greece",-70,4246,248,4246,0,,,0
464558,1856,Olympic Games Athens 2004,,"Athens, Greece",-70,4246,258,4246,0,,,3
464559,1856,Olympic Games Athens 2004,,"Athens, Greece",-70,323,4246,4246,0,,,2
464560,1856,Olympic Games Athens 2004,,"Athens, Greece",-70,323,52979,323,0,,,3
